id,period,difficulty,title,description,category,event_type,metric,target,qualifiers,verification,sigils,coins,rubies
D001,Daily,Easy,Run Reserve,Score 150 team runs across completed matches.,Batting/Team,MATCH_COMPLETED -> quest_match_summaries.batting_runs,team_runs,150,none,SUM(MS.batting_runs) over filtered summaries >= 150 (and COUNT(summaries) >= min_matches if given). Filters: none (all PLAY/PLAYIPL/PLAYINT summaries in the period). Evaluate once per period from stored rows only.,10,100,0
D002,Daily,Easy,Opening Statement,Post a team score of 140 or more in a single match.,Batting/Team,MATCH_COMPLETED -> quest_match_summaries.batting_runs,team_runs_max,140,none,MAX(MS.batting_runs) over filtered summaries >= 140 (one innings). Filters: none (all PLAY/PLAYIPL/PLAYINT summaries in the period). Evaluate once per period from stored rows only.,10,100,0
D003,Daily,Medium,Run Rhythm,Score 400 team runs across at least 3 completed matches.,Batting/Team,MATCH_COMPLETED -> quest_match_summaries.batting_runs,team_runs,400,min_matches=3,SUM(MS.batting_runs) over filtered summaries >= 400 (and COUNT(summaries) >= min_matches if given). Also require COUNT(filtered summaries) >= 3. Filters: none (all PLAY/PLAYIPL/PLAYINT summaries in the period). Evaluate once per period from stored rows only.,20,1500,0
D004,Daily,Medium,Set The Tone,Set a total of 170 or more while batting first.,Batting/Team,MATCH_COMPLETED -> quest_match_summaries.batting_runs,team_runs_max,170,side=defending,MAX(MS.batting_runs) over filtered summaries >= 170 (one innings). Filters: defending=true. Evaluate once per period from stored rows only.,20,1500,0
D005,Daily,Hard,Mountain Total,Post a team score of 210 or more in a single match.,Batting/Team,MATCH_COMPLETED -> quest_match_summaries.batting_runs,team_runs_max,210,none,MAX(MS.batting_runs) over filtered summaries >= 210 (one innings). Filters: none (all PLAY/PLAYIPL/PLAYINT summaries in the period). Evaluate once per period from stored rows only.,30,2000,0
D006,Daily,Hard,Run Avalanche,Score 700 team runs across completed matches.,Batting/Team,MATCH_COMPLETED -> quest_match_summaries.batting_runs,team_runs,700,none,SUM(MS.batting_runs) over filtered summaries >= 700 (and COUNT(summaries) >= min_matches if given). Filters: none (all PLAY/PLAYIPL/PLAYINT summaries in the period). Evaluate once per period from stored rows only.,30,2000,0
D007,Daily,Easy,Fifty Up,Have any batter score 50 or more in a match.,Batting/Player,MATCH_COMPLETED -> quest_match_summaries.batting[].runs,player_runs_match,50,none,MAX(b.runs) over batters b in filtered summaries >= 50. Filters: none (all PLAY/PLAYIPL/PLAYINT summaries in the period). Evaluate once per period from stored rows only.,10,100,0
D008,Daily,Easy,Steady Anchor,Have any batter score 40 or more and finish not out.,Batting/Player,MATCH_COMPLETED -> quest_match_summaries.batting[].dismissed,notout_innings_count,1,min_runs=40,COUNT(batting innings with b.runs >= 40 AND b.dismissed == false) >= 1. Filters: none (all PLAY/PLAYIPL/PLAYINT summaries in the period). Evaluate once per period from stored rows only.,10,100,0
D009,Daily,Medium,Quick Fifty,Have any batter score 50 or more off 30 balls or fewer.,Batting/Player,MATCH_COMPLETED -> quest_match_summaries.batting[].balls,fast_innings_count,1,min_runs=50; balls=30,COUNT(batting innings with b.runs >= 50 AND 0 < b.30 <= 30) >= 1. Filters: none (all PLAY/PLAYIPL/PLAYINT summaries in the period). Evaluate once per period from stored rows only.,20,1500,0
D010,Daily,Medium,Tempo Setter,Have any batter score 30 or more at a strike rate of 150 or higher.,Batting/Player,MATCH_COMPLETED -> quest_match_summaries.batting[].balls,sr_innings_count,1,min_runs=30; sr=150,COUNT(batting innings with b.runs >= 30 AND b.balls > 0 AND b.runs*100/b.balls >= 150) >= 1. Filters: none (all PLAY/PLAYIPL/PLAYINT summaries in the period). Evaluate once per period from stored rows only.,20,1500,0
D011,Daily,Hard,Century Drive,Have any batter score 100 or more in a match.,Batting/Player,MATCH_COMPLETED -> quest_match_summaries.batting[].runs,player_runs_match,100,none,MAX(b.runs) over batters b in filtered summaries >= 100. Filters: none (all PLAY/PLAYIPL/PLAYINT summaries in the period). Evaluate once per period from stored rows only.,30,2000,0
D012,Daily,Hard,Unbeaten Seventy-Five,Have any batter score 75 or more and finish not out.,Batting/Player,MATCH_COMPLETED -> quest_match_summaries.batting[].dismissed,notout_innings_count,1,min_runs=75,COUNT(batting innings with b.runs >= 75 AND b.dismissed == false) >= 1. Filters: none (all PLAY/PLAYIPL/PLAYINT summaries in the period). Evaluate once per period from stored rows only.,30,2000,0
D013,Daily,Hard,Blitz Century,Have any batter score 100 or more off 60 balls or fewer.,Batting/Player,MATCH_COMPLETED -> quest_match_summaries.batting[].balls,fast_innings_count,1,min_runs=100; balls=60,COUNT(batting innings with b.runs >= 100 AND 0 < b.60 <= 60) >= 1. Filters: none (all PLAY/PLAYIPL/PLAYINT summaries in the period). Evaluate once per period from stored rows only.,30,2000,0
D014,Daily,Hard,Twin Fifties,Have 2 different batters each score 50 or more in the same match.,Batting/Player,MATCH_COMPLETED -> quest_match_summaries.batting[].runs,multi_fifty_match,1,n=2,COUNT(filtered summaries where COUNT(b with b.runs >= 50) >= 2) >= 1. Filters: none (all PLAY/PLAYIPL/PLAYINT summaries in the period). Evaluate once per period from stored rows only.,30,2000,0
D015,Daily,Easy,Boundary Hunt,Hit 8 fours across completed matches.,Batting/Boundaries,MATCH_COMPLETED -> quest_match_summaries.batting[].fours,team_fours,8,none,SUM(b.fours) over filtered summaries >= 8. Filters: none (all PLAY/PLAYIPL/PLAYINT summaries in the period). Evaluate once per period from stored rows only.,10,100,0
D016,Daily,Easy,Over The Rope,Hit 3 sixes while batting first across completed matches.,Batting/Boundaries,MATCH_COMPLETED -> quest_match_summaries.batting[].sixes,team_sixes,3,side=defending,SUM(b.sixes) over filtered summaries >= 3. Filters: defending=true. Evaluate once per period from stored rows only.,10,100,0
D017,Daily,Medium,Boundary Barrage,Hit 20 boundaries (fours and sixes combined) across completed matches.,Batting/Boundaries,MATCH_COMPLETED -> quest_match_summaries.batting[].fours+sixes,team_boundaries,20,none,SUM(b.fours + b.sixes) over filtered summaries >= 20. Filters: none (all PLAY/PLAYIPL/PLAYINT summaries in the period). Evaluate once per period from stored rows only.,20,1500,0
D018,Daily,Medium,Six Appeal,Hit 8 sixes across completed matches.,Batting/Boundaries,MATCH_COMPLETED -> quest_match_summaries.batting[].sixes,team_sixes,8,none,SUM(b.sixes) over filtered summaries >= 8. Filters: none (all PLAY/PLAYIPL/PLAYINT summaries in the period). Evaluate once per period from stored rows only.,20,1500,0
D019,Daily,Medium,Maximum Match,Have any batter hit 3 sixes in a single match.,Batting/Boundaries,MATCH_COMPLETED -> quest_match_summaries.batting[].sixes,player_sixes_match,3,none,MAX(b.sixes) in a single filtered summary >= 3. Filters: none (all PLAY/PLAYIPL/PLAYINT summaries in the period). Evaluate once per period from stored rows only.,20,1500,0
D020,Daily,Hard,Six Storm,Have any batter hit 5 sixes in a single match.,Batting/Boundaries,MATCH_COMPLETED -> quest_match_summaries.batting[].sixes,player_sixes_match,5,none,MAX(b.sixes) in a single filtered summary >= 5. Filters: none (all PLAY/PLAYIPL/PLAYINT summaries in the period). Evaluate once per period from stored rows only.,30,2000,0
D021,Daily,Hard,Boundary Rain,Have any batter hit 12 boundaries (fours and sixes combined) in a single match.,Batting/Boundaries,MATCH_COMPLETED -> quest_match_summaries.batting[].fours+sixes,player_boundaries_match,12,none,MAX(b.fours + b.sixes) in a single filtered summary >= 12. Filters: none (all PLAY/PLAYIPL/PLAYINT summaries in the period). Evaluate once per period from stored rows only.,30,2000,0
D022,Daily,Easy,Wicket Taker,Take 3 wickets across completed matches.,Bowling/Wickets,MATCH_COMPLETED -> quest_match_summaries.bowling_wickets,team_wickets,3,none,SUM(MS.bowling_wickets) over filtered summaries >= 3. Filters: none (all PLAY/PLAYIPL/PLAYINT summaries in the period). Evaluate once per period from stored rows only.,10,100,0
D023,Daily,Easy,Defence Breakthrough,Take 4 wickets while defending a total.,Defence,MATCH_COMPLETED -> quest_match_summaries.bowling_wickets,team_wickets,4,side=defending,SUM(MS.bowling_wickets) over filtered summaries >= 4. Filters: defending=true. Evaluate once per period from stored rows only.,10,100,0
D024,Daily,Medium,Wicket Cluster,Take 8 wickets across completed matches.,Bowling/Wickets,MATCH_COMPLETED -> quest_match_summaries.bowling_wickets,team_wickets,8,none,SUM(MS.bowling_wickets) over filtered summaries >= 8. Filters: none (all PLAY/PLAYIPL/PLAYINT summaries in the period). Evaluate once per period from stored rows only.,20,1500,0
D025,Daily,Medium,Three For,Have any bowler take 3 wickets in a single match.,Bowling/Wickets,MATCH_COMPLETED -> quest_match_summaries.bowling[].wickets,bowler_wickets_match,3,none,MAX(bw.wickets) in a single filtered summary >= 3. Filters: none (all PLAY/PLAYIPL/PLAYINT summaries in the period). Evaluate once per period from stored rows only.,20,1500,0
D026,Daily,Medium,Tidy Hunter,Have a bowler take 2 or more wickets in a spell of at least 3 overs at an economy of 7.0 or lower.,Bowling/Wickets,MATCH_COMPLETED -> quest_match_summaries.bowling[].runs/balls,econ_spell_count,1,min_balls=18; econ=7.0; w=2,COUNT(spells with bw.balls >= 18 AND bw.runs*6/bw.balls <= 7.0 AND bw.wickets >= 2 (2 default 0)) >= 1. Filters: none (all PLAY/PLAYIPL/PLAYINT summaries in the period). Evaluate once per period from stored rows only.,20,1500,0
D027,Daily,Hard,Four-Wicket Burst,Have any bowler take 4 wickets in a single match.,Bowling/Wickets,MATCH_COMPLETED -> quest_match_summaries.bowling[].wickets,bowler_wickets_match,4,none,MAX(bw.wickets) in a single filtered summary >= 4. Filters: none (all PLAY/PLAYIPL/PLAYINT summaries in the period). Evaluate once per period from stored rows only.,30,2000,0
D028,Daily,Hard,Bowled Out,Bowl the opposition out by taking 10 wickets in a single match.,Bowling/Wickets,MATCH_COMPLETED -> quest_match_summaries.bowling_wickets,bowled_out_count,1,none,COUNT(filtered summaries with MS.bowling_wickets >= 10) >= 1. Filters: none (all PLAY/PLAYIPL/PLAYINT summaries in the period). Evaluate once per period from stored rows only.,30,2000,0
D029,Daily,Easy,Dot Discipline,Bowl 25 dot balls across completed matches.,Bowling/Control,MATCH_COMPLETED -> quest_match_summaries.over_history[dots],dots_bowled,25,none,SUM(over.dots) over over_history rows where over.bowling_team_id == user_id (phase filter if given) >= 25. Filters: none (all PLAY/PLAYIPL/PLAYINT summaries in the period). Evaluate once per period from stored rows only.,10,100,0
D030,Daily,Medium,Pressure Cooker,Bowl 20 dot balls in the powerplay (overs 1-6) across completed matches.,Bowling/Control,MATCH_COMPLETED -> quest_match_summaries.over_history[dots],dots_bowled,20,phase=powerplay,SUM(over.dots) over over_history rows where over.bowling_team_id == user_id (phase filter if given) >= 20. Filters: none (all PLAY/PLAYIPL/PLAYINT summaries in the period). Evaluate once per period from stored rows only.,20,1500,0
D031,Daily,Medium,Maiden Effort,"Bowl a maiden over (6 legal balls, 0 runs) in a match.",Bowling/Control,MATCH_COMPLETED -> quest_match_summaries.over_history[runs/balls],maiden_overs,1,none,COUNT(over_history rows where bowling_team_id == user_id AND balls == 6 AND runs == 0) >= 1. Filters: none (all PLAY/PLAYIPL/PLAYINT summaries in the period). Evaluate once per period from stored rows only.,20,1500,0
D032,Daily,Hard,Dot Wall,Bowl 90 dot balls across completed matches.,Bowling/Control,MATCH_COMPLETED -> quest_match_summaries.over_history[dots],dots_bowled,90,none,SUM(over.dots) over over_history rows where over.bowling_team_id == user_id (phase filter if given) >= 90. Filters: none (all PLAY/PLAYIPL/PLAYINT summaries in the period). Evaluate once per period from stored rows only.,30,2000,0
D033,Daily,Hard,Double Maiden,Bowl 2 maiden overs across completed matches.,Bowling/Control,MATCH_COMPLETED -> quest_match_summaries.over_history[runs/balls],maiden_overs,2,none,COUNT(over_history rows where bowling_team_id == user_id AND balls == 6 AND runs == 0) >= 2. Filters: none (all PLAY/PLAYIPL/PLAYINT summaries in the period). Evaluate once per period from stored rows only.,30,2000,0
D034,Daily,Medium,Double Strike Over,Take 2 wickets in a single over.,Bowling/Control,MATCH_COMPLETED -> quest_match_summaries.over_history[wickets],wicket_overs,1,w=2,COUNT(over_history rows where bowling_team_id == user_id AND wickets >= 2) >= 1. Filters: none (all PLAY/PLAYIPL/PLAYINT summaries in the period). Evaluate once per period from stored rows only.,20,1500,0
D035,Daily,Easy,Powerplay Push,Score 40 runs in the powerplay (overs 1-6) across completed matches.,Phase/Powerplay,MATCH_COMPLETED -> quest_match_summaries.over_history[runs],phase_runs,40,phase=powerplay,SUM(over.runs) over rows where batting_team_id == user_id AND over.powerplay == powerplay >= 40. Filters: none (all PLAY/PLAYIPL/PLAYINT summaries in the period). Evaluate once per period from stored rows only.,10,100,0
D036,Daily,Easy,Early Wicket,Take 1 wicket in the powerplay (overs 1-6).,Phase/Powerplay,MATCH_COMPLETED -> quest_match_summaries.over_history[wickets],phase_wickets,1,phase=powerplay,SUM(over.wickets) over rows where bowling_team_id == user_id AND over.powerplay == powerplay >= 1. Filters: none (all PLAY/PLAYIPL/PLAYINT summaries in the period). Evaluate once per period from stored rows only.,10,100,0
D037,Daily,Easy,Middle Builder,Score 80 runs in the middle overs (7-15) across completed matches.,Phase/Middle,MATCH_COMPLETED -> quest_match_summaries.over_history[runs],phase_runs,80,phase=middle,SUM(over.runs) over rows where batting_team_id == user_id AND over.middle == middle >= 80. Filters: none (all PLAY/PLAYIPL/PLAYINT summaries in the period). Evaluate once per period from stored rows only.,10,100,0
D038,Daily,Easy,Tight Opening,Bowl a complete powerplay over (overs 1-6) conceding 4 runs or fewer.,Phase/Powerplay,MATCH_COMPLETED -> quest_match_summaries.over_history[runs],phase_tight_overs,1,phase=powerplay; max_over_runs=4,COUNT(complete overs (balls==6) in powerplay where bowling_team_id == user_id AND runs <= 4) >= 1. Filters: none (all PLAY/PLAYIPL/PLAYINT summaries in the period). Evaluate once per period from stored rows only.,10,100,0
D039,Daily,Medium,Powerplay Surge,Score 55 or more runs in the powerplay (overs 1-6) of a single innings.,Phase/Powerplay,MATCH_COMPLETED -> quest_match_summaries.over_history[runs],phase_innings_count,1,phase=powerplay; phase_min=55,"COUNT(innings where SUM(over.runs in powerplay, batting rows) >= powerplay_min) >= 1. Filters: none (all PLAY/PLAYIPL/PLAYINT summaries in the period). Evaluate once per period from stored rows only.",20,1500,0
D040,Daily,Medium,Middle Overs Grip,Take 3 wickets in the middle overs (7-15) across completed matches.,Phase/Middle,MATCH_COMPLETED -> quest_match_summaries.over_history[wickets],phase_wickets,3,phase=middle,SUM(over.wickets) over rows where bowling_team_id == user_id AND over.middle == middle >= 3. Filters: none (all PLAY/PLAYIPL/PLAYINT summaries in the period). Evaluate once per period from stored rows only.,20,1500,0
D041,Daily,Medium,Death Finisher,Score 40 runs in the death overs (16-20) across completed matches.,Phase/Death,MATCH_COMPLETED -> quest_match_summaries.over_history[runs],phase_runs,40,phase=death,SUM(over.runs) over rows where batting_team_id == user_id AND over.death == death >= 40. Filters: none (all PLAY/PLAYIPL/PLAYINT summaries in the period). Evaluate once per period from stored rows only.,20,1500,0
D042,Daily,Medium,Tight Death,Bowl a complete death over (overs 16-20) conceding 5 runs or fewer.,Phase/Death,MATCH_COMPLETED -> quest_match_summaries.over_history[runs],phase_tight_overs,1,phase=death; max_over_runs=5,COUNT(complete overs (balls==6) in death where bowling_team_id == user_id AND runs <= 5) >= 1. Filters: none (all PLAY/PLAYIPL/PLAYINT summaries in the period). Evaluate once per period from stored rows only.,20,1500,0
D043,Daily,Medium,Death Hitting,Hit 6 boundaries (fours and sixes combined) in the death overs (16-20) across completed matches.,Phase/Death,MATCH_COMPLETED -> quest_match_summaries.over_history[fours+sixes],phase_boundaries,6,phase=death,SUM(over.fours + over.sixes) over rows where batting_team_id == user_id AND over.death == death >= 6. Filters: none (all PLAY/PLAYIPL/PLAYINT summaries in the period). Evaluate once per period from stored rows only.,20,1500,0
D044,Daily,Hard,Death Over Command,Take 3 wickets in the death overs (16-20) across completed matches.,Phase/Death,MATCH_COMPLETED -> quest_match_summaries.over_history[wickets],phase_wickets,3,phase=death,SUM(over.wickets) over rows where bowling_team_id == user_id AND over.death == death >= 3. Filters: none (all PLAY/PLAYIPL/PLAYINT summaries in the period). Evaluate once per period from stored rows only.,30,2000,0
D045,Daily,Hard,Powerplay Breaker,Take 3 wickets in the powerplay (overs 1-6) across completed matches.,Phase/Powerplay,MATCH_COMPLETED -> quest_match_summaries.over_history[wickets],phase_wickets,3,phase=powerplay,SUM(over.wickets) over rows where bowling_team_id == user_id AND over.powerplay == powerplay >= 3. Filters: none (all PLAY/PLAYIPL/PLAYINT summaries in the period). Evaluate once per period from stored rows only.,30,2000,0
D046,Daily,Hard,Death Blitz,Score 60 or more runs in the death overs (16-20) of a single innings.,Phase/Death,MATCH_COMPLETED -> quest_match_summaries.over_history[runs],phase_innings_count,1,phase=death; phase_min=60,"COUNT(innings where SUM(over.runs in death, batting rows) >= death_min) >= 1. Filters: none (all PLAY/PLAYIPL/PLAYINT summaries in the period). Evaluate once per period from stored rows only.",30,2000,0
D047,Daily,Medium,Big Over,Score 18 or more runs in a single over.,Phase/Overs,MATCH_COMPLETED -> quest_match_summaries.over_history[runs],big_overs,1,min_over_runs=18,COUNT(complete overs (balls==6) where batting_team_id == user_id AND runs >= 18) >= 1. Filters: none (all PLAY/PLAYIPL/PLAYINT summaries in the period). Evaluate once per period from stored rows only.,20,1500,0
D048,Daily,Hard,Monster Over,Score 24 or more runs in a single over.,Phase/Overs,MATCH_COMPLETED -> quest_match_summaries.over_history[runs],big_overs,1,min_over_runs=24,COUNT(complete overs (balls==6) where batting_team_id == user_id AND runs >= 24) >= 1. Filters: none (all PLAY/PLAYIPL/PLAYINT summaries in the period). Evaluate once per period from stored rows only.,30,2000,0
D049,Daily,Easy,Chase Winner,Win 1 match while chasing.,Chase,MATCH_COMPLETED -> quest_match_summaries.won,wins,1,side=chasing,COUNT(filtered summaries with MS.won == true) >= 1. Filters: chasing=true. Evaluate once per period from stored rows only.,10,100,0
D050,Daily,Easy,Defend It,Win 1 match while defending a total (batting first).,Defence,MATCH_COMPLETED -> quest_match_summaries.won,wins,1,side=defending,COUNT(filtered summaries with MS.won == true) >= 1. Filters: defending=true. Evaluate once per period from stored rows only.,10,100,0
D051,Daily,Medium,Double Chase,Win 2 matches while chasing.,Chase,MATCH_COMPLETED -> quest_match_summaries.won,wins,2,side=chasing,COUNT(filtered summaries with MS.won == true) >= 2. Filters: chasing=true. Evaluate once per period from stored rows only.,20,1500,0
D052,Daily,Medium,Total Defence,Win 2 matches while defending a total (batting first).,Defence,MATCH_COMPLETED -> quest_match_summaries.won,wins,2,side=defending,COUNT(filtered summaries with MS.won == true) >= 2. Filters: defending=true. Evaluate once per period from stored rows only.,20,1500,0
D053,Daily,Medium,Late Chase,Win a chase that lasts 15 overs or longer.,Chase,MATCH_COMPLETED -> quest_match_summaries.late_chase,late_chase_wins,1,none,"COUNT(summaries with chasing AND won AND late_chase) >= 1 (2nd-innings legal_balls >= 90, i.e. the chase lasted 15 or more overs). Filters: none (all PLAY/PLAYIPL/PLAYINT summaries in the period). Evaluate once per period from stored rows only.",20,1500,0
D054,Daily,Medium,Chase Fifty,Have any batter score 50 or more in a match you win while chasing.,Chase,MATCH_COMPLETED -> quest_match_summaries.batting[].runs,player_runs_match,50,side=chasing; result=won,"MAX(b.runs) over batters b in filtered summaries >= 50. Filters: chasing=true, won=true. Evaluate once per period from stored rows only.",20,1500,0
D055,Daily,Medium,Target 170,Win a chase of a target of 170 or more.,Chase,MATCH_COMPLETED -> quest_match_summaries.target,chase_target_wins,1,target_min=170,COUNT(summaries with chasing AND won AND MS.1 >= 1_min) >= 1. Filters: none (all PLAY/PLAYIPL/PLAYINT summaries in the period). Evaluate once per period from stored rows only.,20,1500,0
D056,Daily,Hard,Chase Century,Have any batter score 100 or more while chasing.,Chase,MATCH_COMPLETED -> quest_match_summaries.batting[].runs,player_runs_match,100,side=chasing,MAX(b.runs) over batters b in filtered summaries >= 100. Filters: chasing=true. Evaluate once per period from stored rows only.,30,2000,0
D057,Daily,Hard,Calm Chase,Win a chase after losing 3 wickets or fewer.,Chase,MATCH_COMPLETED -> quest_match_summaries.batting[].dismissed,chase_wins_low_wkts,1,max_wkts_lost=3,COUNT(summaries with chasing AND won AND COUNT(b.dismissed) <= 3) >= 1. Filters: none (all PLAY/PLAYIPL/PLAYINT summaries in the period). Evaluate once per period from stored rows only.,30,2000,0
D058,Daily,Hard,Fortress 180,Win a match while defending a total of 180 or more.,Defence,MATCH_COMPLETED -> quest_match_summaries.batting_runs,defend_total_wins,1,score_min=180,COUNT(summaries with defending AND won AND MS.batting_runs >= 180) >= 1. Filters: none (all PLAY/PLAYIPL/PLAYINT summaries in the period). Evaluate once per period from stored rows only.,30,2000,0
D059,Daily,Hard,Stingy Defence,Win a match in which your bowlers concede 130 runs or fewer.,Defence,MATCH_COMPLETED -> quest_match_summaries.bowling[].runs,wins_low_conceded,1,max_conceded=130,COUNT(filtered summaries with won AND SUM(bw.runs) <= 130) >= 1. Filters: none (all PLAY/PLAYIPL/PLAYINT summaries in the period). Evaluate once per period from stored rows only.,30,2000,0
D060,Daily,Easy,Taste Victory,Win 1 completed match.,Match Wins,MATCH_COMPLETED -> quest_match_summaries.won,wins,1,none,COUNT(filtered summaries with MS.won == true) >= 1. Filters: none (all PLAY/PLAYIPL/PLAYINT summaries in the period). Evaluate once per period from stored rows only.,10,100,0
D061,Daily,Easy,Session Complete,Complete 2 matches.,Match Wins,MATCH_COMPLETED -> quest_match_summaries (MS),matches_played,2,none,COUNT(filtered summaries) >= 2. Filters: none (all PLAY/PLAYIPL/PLAYINT summaries in the period). Evaluate once per period from stored rows only.,10,100,0
D062,Daily,Hard,Winning Treble,Win 3 matches in a row.,Match Wins,MATCH_COMPLETED -> quest_match_summaries.won,win_streak,3,none,"Longest run of consecutive MS.won == true, ordered by played_at over filtered summaries, >= 3 (a loss or tie breaks the run). Filters: none (all PLAY/PLAYIPL/PLAYINT summaries in the period). Evaluate once per period from stored rows only.",30,2000,0
D063,Daily,Easy,Domestic Winner,Win 1 Play match.,Game Modes,MATCH_COMPLETED -> quest_match_summaries.won,wins,1,mode=PLAY,COUNT(filtered summaries with MS.won == true) >= 1. Filters: match_type=PLAY. Evaluate once per period from stored rows only.,10,100,0
D064,Daily,Easy,Franchise Ready,Win 1 Play IPL match.,Game Modes,MATCH_COMPLETED -> quest_match_summaries.won,wins,1,mode=PLAYIPL,COUNT(filtered summaries with MS.won == true) >= 1. Filters: match_type=PLAYIPL. Evaluate once per period from stored rows only.,10,100,0
D065,Daily,Medium,World Stage,Win 1 Play International match.,Game Modes,MATCH_COMPLETED -> quest_match_summaries.won,wins,1,mode=PLAYINT,COUNT(filtered summaries with MS.won == true) >= 1. Filters: match_type=PLAYINT. Evaluate once per period from stored rows only.,20,1500,0
D066,Daily,Medium,League Scorer,Post a team score of 160 or more in a single Play IPL match.,Game Modes,MATCH_COMPLETED -> quest_match_summaries.batting_runs,team_runs_max,160,mode=PLAYIPL,MAX(MS.batting_runs) over filtered summaries >= 160 (one innings). Filters: match_type=PLAYIPL. Evaluate once per period from stored rows only.,20,1500,0
D067,Daily,Medium,International Attack,Take 6 wickets across Play International matches.,Game Modes,MATCH_COMPLETED -> quest_match_summaries.bowling_wickets,team_wickets,6,mode=PLAYINT,SUM(MS.bowling_wickets) over filtered summaries >= 6. Filters: match_type=PLAYINT. Evaluate once per period from stored rows only.,20,1500,0
D068,Daily,Hard,Dual Conqueror,Win a match in each of 2 different game modes.,Game Modes,MATCH_COMPLETED -> quest_match_summaries.match_type,distinct_modes_won,2,none,COUNT(DISTINCT MS.match_type among won summaries) >= 2. Filters: none (all PLAY/PLAYIPL/PLAYINT summaries in the period). Evaluate once per period from stored rows only.,30,2000,0
D069,Daily,Easy,Green Light,Score 100 team runs on a GREEN pitch.,Pitch,MATCH_COMPLETED -> quest_match_summaries.batting_runs,team_runs,100,pitch=green,SUM(MS.batting_runs) over filtered summaries >= 100 (and COUNT(summaries) >= min_matches if given). Filters: pitch='green'. Evaluate once per period from stored rows only.,10,100,0
D070,Daily,Easy,Dry Spell,Take 3 wickets on a DRY pitch.,Pitch,MATCH_COMPLETED -> quest_match_summaries.bowling_wickets,team_wickets,3,pitch=dry,SUM(MS.bowling_wickets) over filtered summaries >= 3. Filters: pitch='dry'. Evaluate once per period from stored rows only.,10,100,0
D071,Daily,Medium,Flat Out,Hit 6 sixes on a FLAT pitch.,Pitch,MATCH_COMPLETED -> quest_match_summaries.batting[].sixes,team_sixes,6,pitch=flat,SUM(b.sixes) over filtered summaries >= 6. Filters: pitch='flat'. Evaluate once per period from stored rows only.,20,1500,0
D072,Daily,Medium,Hard Graft,Win a match on a HARD pitch.,Pitch,MATCH_COMPLETED -> quest_match_summaries.won,wins,1,pitch=hard,COUNT(filtered summaries with MS.won == true) >= 1. Filters: pitch='hard'. Evaluate once per period from stored rows only.,20,1500,0
D073,Daily,Medium,Even Keel,Win a match on an EVEN pitch.,Pitch,MATCH_COMPLETED -> quest_match_summaries.won,wins,1,pitch=even,COUNT(filtered summaries with MS.won == true) >= 1. Filters: pitch='even'. Evaluate once per period from stored rows only.,20,1500,0
D074,Daily,Medium,Bounce Back,Have any batter score 50 or more on a BOUNCY pitch.,Pitch,MATCH_COMPLETED -> quest_match_summaries.batting[].runs,player_runs_match,50,pitch=bouncy,MAX(b.runs) over batters b in filtered summaries >= 50. Filters: pitch='bouncy'. Evaluate once per period from stored rows only.,20,1500,0
D075,Daily,Medium,Slow Burn,Post a team score of 140 or more in a single match on a SLOW pitch.,Pitch,MATCH_COMPLETED -> quest_match_summaries.batting_runs,team_runs_max,140,pitch=slow,MAX(MS.batting_runs) over filtered summaries >= 140 (one innings). Filters: pitch='slow'. Evaluate once per period from stored rows only.,20,1500,0
D076,Daily,Hard,Green Seamer,Take 6 wickets on a GREEN pitch.,Pitch,MATCH_COMPLETED -> quest_match_summaries.bowling_wickets,team_wickets,6,pitch=green,SUM(MS.bowling_wickets) over filtered summaries >= 6. Filters: pitch='green'. Evaluate once per period from stored rows only.,30,2000,0
D077,Daily,Hard,Dustbowl Duel,Win a match while chasing on a DUSTY pitch.,Pitch,MATCH_COMPLETED -> quest_match_summaries.won,wins,1,pitch=dusty; side=chasing,"COUNT(filtered summaries with MS.won == true) >= 1. Filters: pitch='dusty', chasing=true. Evaluate once per period from stored rows only.",30,2000,0
D078,Daily,Hard,Bounce Dominion,Win a match while defending a total on a BOUNCY pitch.,Pitch,MATCH_COMPLETED -> quest_match_summaries.won,wins,1,pitch=bouncy; side=defending,"COUNT(filtered summaries with MS.won == true) >= 1. Filters: pitch='bouncy', defending=true. Evaluate once per period from stored rows only.",30,2000,0
D079,Daily,Hard,Slow Squeeze,Win a match on a SLOW pitch while your bowlers concede 120 runs or fewer.,Pitch,MATCH_COMPLETED -> quest_match_summaries.bowling[].runs,wins_low_conceded,1,pitch=slow; max_conceded=120,COUNT(filtered summaries with won AND SUM(bw.runs) <= 120) >= 1. Filters: pitch='slow'. Evaluate once per period from stored rows only.,30,2000,0
D080,Daily,Hard,Dry Mastery,Have any bowler take 3 wickets in a single match on a DRY pitch.,Pitch,MATCH_COMPLETED -> quest_match_summaries.bowling[].wickets,bowler_wickets_match,3,pitch=dry,MAX(bw.wickets) in a single filtered summary >= 3. Filters: pitch='dry'. Evaluate once per period from stored rows only.,30,2000,0
D081,Daily,Medium,Double Duty,Have one player score 25 or more runs and take 2 or more wickets in the same match.,All-Round,MATCH_COMPLETED -> quest_match_summaries.batting[]+bowling[],allround_match,1,runs=25; w=2,COUNT(summaries where some player_id has batting 25 >= 25 AND bowling wickets >= 2 in the same summary) >= 1. Filters: none (all PLAY/PLAYIPL/PLAYINT summaries in the period). Evaluate once per period from stored rows only.,20,1500,0
D082,Daily,Medium,Complete Win,Win a match in which one batter scores 50 or more and one bowler takes 3 or more wickets.,All-Round,MATCH_COMPLETED -> quest_match_summaries.batting[]+bowling[],complete_win,1,none,COUNT(won summaries with a batter >= 50 runs AND a bowler >= 3 wickets) >= 1. Filters: none (all PLAY/PLAYIPL/PLAYINT summaries in the period). Evaluate once per period from stored rows only.,20,1500,0
D083,Daily,Hard,True All-Rounder,Have one player score 40 or more runs and take 3 or more wickets in the same match.,All-Round,MATCH_COMPLETED -> quest_match_summaries.batting[]+bowling[],allround_match,1,runs=40; w=3,COUNT(summaries where some player_id has batting 40 >= 40 AND bowling wickets >= 3 in the same summary) >= 1. Filters: none (all PLAY/PLAYIPL/PLAYINT summaries in the period). Evaluate once per period from stored rows only.,30,2000,0
D084,Daily,Easy,Marketplace Move,Purchase 1 player of 65 OVR or higher.,Progression/Players,PLAYER_PURCHASE (quest_events),purchase_ovr_count,1,ovr_min=65,COUNT(PLAYER_PURCHASE events with metadata.ovr >= 65) >= 1. Filters: none (all PLAY/PLAYIPL/PLAYINT summaries in the period). Evaluate once per period from stored rows only.,10,100,0
D085,Daily,Medium,Shop Smart,Purchase 1 player of 70 OVR or higher.,Progression/Players,PLAYER_PURCHASE (quest_events),purchase_ovr_count,1,ovr_min=70,COUNT(PLAYER_PURCHASE events with metadata.ovr >= 70) >= 1. Filters: none (all PLAY/PLAYIPL/PLAYINT summaries in the period). Evaluate once per period from stored rows only.,20,1500,0
D086,Daily,Hard,Premium Signing,Purchase 1 player of 75 OVR or higher.,Progression/Players,PLAYER_PURCHASE (quest_events),purchase_ovr_count,1,ovr_min=75,COUNT(PLAYER_PURCHASE events with metadata.ovr >= 75) >= 1. Filters: none (all PLAY/PLAYIPL/PLAYINT summaries in the period). Evaluate once per period from stored rows only.,30,2000,0
D087,Daily,Easy,Small Splurge,"Spend 5,000 Coins in the Player Shop.",Economy,COIN_SPENT (quest_events),shop_coins_spent,5000,none,SUM(value_int of COIN_SPENT events with metadata.source == 'player_shop') >= 5000 (exit penalties excluded). Filters: none (all PLAY/PLAYIPL/PLAYINT summaries in the period). Evaluate once per period from stored rows only.,10,100,0
D088,Daily,Medium,Big Spender,"Spend 20,000 Coins in the Player Shop.",Economy,COIN_SPENT (quest_events),shop_coins_spent,20000,none,SUM(value_int of COIN_SPENT events with metadata.source == 'player_shop') >= 20000 (exit penalties excluded). Filters: none (all PLAY/PLAYIPL/PLAYINT summaries in the period). Evaluate once per period from stored rows only.,20,1500,0
D089,Daily,Easy,Gear Up,Equip 1 upgrade on a player.,Progression/Upgrades,UPGRADE_APPLIED (quest_events),upgrades_equipped,1,none,COUNT(UPGRADE_APPLIED events) >= 1. Filters: none (all PLAY/PLAYIPL/PLAYINT summaries in the period). Evaluate once per period from stored rows only.,10,100,0
D090,Daily,Medium,Full Loadout,Equip upgrades on 2 different players.,Progression/Upgrades,UPGRADE_APPLIED (quest_events),distinct_players_upgraded,2,none,COUNT(DISTINCT metadata.player_id among UPGRADE_APPLIED events) >= 2. Filters: none (all PLAY/PLAYIPL/PLAYINT summaries in the period). Evaluate once per period from stored rows only.,20,1500,0
D091,Daily,Medium,Tier Climb,Level up an owned upgrade to its next tier.,Progression/Upgrades,RUBY_SPENT (quest_events),upgrade_levelups,1,none,COUNT(RUBY_SPENT events with metadata.source == 'upgrade_levelup') >= 1. Filters: none (all PLAY/PLAYIPL/PLAYINT summaries in the period). Evaluate once per period from stored rows only.,20,1500,0
D092,Daily,Easy,Claim Hit,Successfully claim 2 players.,Progression/Claims,CLAIM_SUCCESS (quest_events),claim_count,2,none,COUNT(CLAIM_SUCCESS events) >= 2. Filters: none (all PLAY/PLAYIPL/PLAYINT summaries in the period). Evaluate once per period from stored rows only.,10,100,0
D093,Daily,Medium,Pack Opening,Open 1 pack.,Progression/Packs,PACK_OPENED (quest_events),packs_opened,1,none,COUNT(PACK_OPENED events (metadata.pack_key == pack_key if given)) >= 1. Filters: none (all PLAY/PLAYIPL/PLAYINT summaries in the period). Evaluate once per period from stored rows only.,20,1500,0
D094,Daily,Easy,Lineup Locked,Confirm your Playing XI.,Playing XI,PLAYING_XI_CONFIRMED (quest_events),xi_confirmed,1,none,COUNT(PLAYING_XI_CONFIRMED events) >= 1. Filters: none (all PLAY/PLAYIPL/PLAYINT summaries in the period). Evaluate once per period from stored rows only.,10,100,0
D095,Daily,Medium,League Legal XI,Confirm a Playing XI that contains exactly 4 overseas players.,Playing XI,OVERSEAS_XI_CONFIRMED (quest_events),overseas_xi,1,overseas_count=4,COUNT(OVERSEAS_XI_CONFIRMED events with metadata.4 == 4) >= 1. Filters: none (all PLAY/PLAYIPL/PLAYINT summaries in the period). Evaluate once per period from stored rows only.,20,1500,0
D096,Daily,Hard,Daily Dominance,Complete 3 other Daily Quests.,Quest Meta,quest_completions,daily_quests_done,3,none,"COUNT(quest_completions rows, period_type=daily, completed in the current period) >= 3 (the task itself is excluded). Filters: none (all PLAY/PLAYIPL/PLAYINT summaries in the period). Evaluate once per period from stored rows only.",30,2000,0
D097,Daily,Easy,Chase Opener,Have any batter score 30 or more while chasing.,Chase,MATCH_COMPLETED -> quest_match_summaries.batting[].runs,player_runs_match,30,side=chasing,MAX(b.runs) over batters b in filtered summaries >= 30. Filters: chasing=true. Evaluate once per period from stored rows only.,10,100,0
D098,Daily,Easy,First Innings Foundation,Score 100 team runs while batting first across completed matches.,Defence,MATCH_COMPLETED -> quest_match_summaries.batting_runs,team_runs,100,side=defending,SUM(MS.batting_runs) over filtered summaries >= 100 (and COUNT(summaries) >= min_matches if given). Filters: defending=true. Evaluate once per period from stored rows only.,10,100,0
D099,Daily,Easy,Flat Track Win,Win a match on a FLAT pitch.,Pitch,MATCH_COMPLETED -> quest_match_summaries.won,wins,1,pitch=flat,COUNT(filtered summaries with MS.won == true) >= 1. Filters: pitch='flat'. Evaluate once per period from stored rows only.,10,100,0
D100,Daily,Easy,Middle Breakthrough,Take 1 wicket in the middle overs (7-15).,Phase/Middle,MATCH_COMPLETED -> quest_match_summaries.over_history[wickets],phase_wickets,1,phase=middle,SUM(over.wickets) over rows where bowling_team_id == user_id AND over.middle == middle >= 1. Filters: none (all PLAY/PLAYIPL/PLAYINT summaries in the period). Evaluate once per period from stored rows only.,10,100,0
W001,Weekly,Easy,Weekly Run Bank,Score 800 team runs across completed matches this week.,Batting/Team,MATCH_COMPLETED -> quest_match_summaries.batting_runs,team_runs,800,none,SUM(MS.batting_runs) over filtered summaries >= 800 (and COUNT(summaries) >= min_matches if given). Filters: none (all PLAY/PLAYIPL/PLAYINT summaries in the period). Evaluate once per period from stored rows only.,50,2500,0
W002,Weekly,Easy,Steady Scoring,Post a team score of 150 or more in 3 different matches.,Batting/Team,MATCH_COMPLETED -> quest_match_summaries.batting_runs,team_score_count,3,score_min=150,COUNT(filtered summaries with MS.batting_runs >= 150) >= 3. Filters: none (all PLAY/PLAYIPL/PLAYINT summaries in the period). Evaluate once per period from stored rows only.,50,2500,0
W003,Weekly,Medium,Scoring Engine,Average 150 or more team runs per match across at least 5 completed matches.,Batting/Team,MATCH_COMPLETED -> quest_match_summaries.batting_runs,avg_team_runs,150,min_matches=5,COUNT(filtered summaries) >= 5 AND SUM(batting_runs)/COUNT >= 150. Filters: none (all PLAY/PLAYIPL/PLAYINT summaries in the period). Evaluate once per period from stored rows only.,80,3500,0
W004,Weekly,Medium,Heavy Scorer,Post a team score of 180 or more in 2 different matches.,Batting/Team,MATCH_COMPLETED -> quest_match_summaries.batting_runs,team_score_count,2,score_min=180,COUNT(filtered summaries with MS.batting_runs >= 180) >= 2. Filters: none (all PLAY/PLAYIPL/PLAYINT summaries in the period). Evaluate once per period from stored rows only.,80,3500,0
W005,Weekly,Hard,Total Dominance,Post a team score of 200 or more in 2 different matches.,Batting/Team,MATCH_COMPLETED -> quest_match_summaries.batting_runs,team_score_count,2,score_min=200,COUNT(filtered summaries with MS.batting_runs >= 200) >= 2. Filters: none (all PLAY/PLAYIPL/PLAYINT summaries in the period). Evaluate once per period from stored rows only.,120,5000,0
W006,Weekly,Easy,Bat Bank,Have one batter accumulate 250 runs across the week.,Batting/Player,MATCH_COMPLETED -> quest_match_summaries.batting[].runs,player_runs_total,250,none,MAX over player_id of SUM(b.runs) across filtered summaries >= 250 (same player must accumulate). Filters: none (all PLAY/PLAYIPL/PLAYINT summaries in the period). Evaluate once per period from stored rows only.,50,2500,0
W007,Weekly,Easy,Fifty Pair,Record 2 innings of 50 or more runs across the week.,Batting/Player,MATCH_COMPLETED -> quest_match_summaries.batting[].runs,fifty_plus_count,2,none,COUNT(batting innings b with b.runs >= 50) >= 2 (centuries count). Filters: none (all PLAY/PLAYIPL/PLAYINT summaries in the period). Evaluate once per period from stored rows only.,50,2500,0
W008,Weekly,Medium,Fifty Brigade,Have 3 different batters each score 50 or more at least once this week.,Batting/Player,MATCH_COMPLETED -> quest_match_summaries.batting[].player_id,distinct_fifty_players,3,none,COUNT(DISTINCT b.player_id with b.runs >= 50 in any filtered summary) >= 3. Filters: none (all PLAY/PLAYIPL/PLAYINT summaries in the period). Evaluate once per period from stored rows only.,80,3500,0
W009,Weekly,Medium,Not Out Nerve,Finish not out on 50 or more runs in 2 different innings.,Batting/Player,MATCH_COMPLETED -> quest_match_summaries.batting[].dismissed,notout_innings_count,2,min_runs=50,COUNT(batting innings with b.runs >= 50 AND b.dismissed == false) >= 2. Filters: none (all PLAY/PLAYIPL/PLAYINT summaries in the period). Evaluate once per period from stored rows only.,80,3500,0
W010,Weekly,Medium,Fast Fifties,Score 50 or more off 35 balls or fewer in 2 different innings.,Batting/Player,MATCH_COMPLETED -> quest_match_summaries.batting[].balls,fast_innings_count,2,min_runs=50; balls=35,COUNT(batting innings with b.runs >= 50 AND 0 < b.35 <= 35) >= 2. Filters: none (all PLAY/PLAYIPL/PLAYINT summaries in the period). Evaluate once per period from stored rows only.,80,3500,0
W011,Weekly,Hard,Batting Pillar,Have one batter accumulate 700 runs across the week.,Batting/Player,MATCH_COMPLETED -> quest_match_summaries.batting[].runs,player_runs_total,700,none,MAX over player_id of SUM(b.runs) across filtered summaries >= 700 (same player must accumulate). Filters: none (all PLAY/PLAYIPL/PLAYINT summaries in the period). Evaluate once per period from stored rows only.,120,5000,0
W012,Weekly,Hard,Century Pair,Record 2 innings of 100 or more runs across the week.,Batting/Player,MATCH_COMPLETED -> quest_match_summaries.batting[].runs,hundred_count,2,none,COUNT(batting innings b with b.runs >= 100) >= 2. Filters: none (all PLAY/PLAYIPL/PLAYINT summaries in the period). Evaluate once per period from stored rows only.,120,5000,0
W013,Weekly,Hard,Rapid Century,Score 100 or more off 65 balls or fewer in a single innings.,Batting/Player,MATCH_COMPLETED -> quest_match_summaries.batting[].balls,fast_innings_count,1,min_runs=100; balls=65,COUNT(batting innings with b.runs >= 100 AND 0 < b.65 <= 65) >= 1. Filters: none (all PLAY/PLAYIPL/PLAYINT summaries in the period). Evaluate once per period from stored rows only.,120,5000,0
W014,Weekly,Easy,Boundary Week,Hit 60 boundaries (fours and sixes combined) across completed matches.,Batting/Boundaries,MATCH_COMPLETED -> quest_match_summaries.batting[].fours+sixes,team_boundaries,60,none,SUM(b.fours + b.sixes) over filtered summaries >= 60. Filters: none (all PLAY/PLAYIPL/PLAYINT summaries in the period). Evaluate once per period from stored rows only.,50,2500,0
W015,Weekly,Medium,Six Sweep,Hit 25 sixes across completed matches.,Batting/Boundaries,MATCH_COMPLETED -> quest_match_summaries.batting[].sixes,team_sixes,25,none,SUM(b.sixes) over filtered summaries >= 25. Filters: none (all PLAY/PLAYIPL/PLAYINT summaries in the period). Evaluate once per period from stored rows only.,80,3500,0
W016,Weekly,Hard,Over Of Fire,Score 20 or more runs in a single over on 3 different occasions.,Batting/Boundaries,MATCH_COMPLETED -> quest_match_summaries.over_history[runs],big_overs,3,min_over_runs=20,COUNT(complete overs (balls==6) where batting_team_id == user_id AND runs >= 20) >= 3. Filters: none (all PLAY/PLAYIPL/PLAYINT summaries in the period). Evaluate once per period from stored rows only.,120,5000,0
W017,Weekly,Hard,Boundary Overlord,Have one batter hit 14 boundaries (fours and sixes combined) in a single match.,Batting/Boundaries,MATCH_COMPLETED -> quest_match_summaries.batting[].fours+sixes,player_boundaries_match,14,none,MAX(b.fours + b.sixes) in a single filtered summary >= 14. Filters: none (all PLAY/PLAYIPL/PLAYINT summaries in the period). Evaluate once per period from stored rows only.,120,5000,0
W018,Weekly,Easy,Wicket Week,Take 25 wickets across completed matches.,Bowling/Wickets,MATCH_COMPLETED -> quest_match_summaries.bowling_wickets,team_wickets,25,none,SUM(MS.bowling_wickets) over filtered summaries >= 25. Filters: none (all PLAY/PLAYIPL/PLAYINT summaries in the period). Evaluate once per period from stored rows only.,50,2500,0
W019,Weekly,Easy,Brace Collector,Record 4 bowling spells of 2 or more wickets.,Bowling/Wickets,MATCH_COMPLETED -> quest_match_summaries.bowling[].wickets,haul_count,4,w=2,COUNT(bowling spells with bw.wickets >= 2) >= 4. Filters: none (all PLAY/PLAYIPL/PLAYINT summaries in the period). Evaluate once per period from stored rows only.,50,2500,0
W020,Weekly,Medium,Three-Fer Trio,Record 3 bowling spells of 3 or more wickets.,Bowling/Wickets,MATCH_COMPLETED -> quest_match_summaries.bowling[].wickets,haul_count,3,w=3,COUNT(bowling spells with bw.wickets >= 3) >= 3. Filters: none (all PLAY/PLAYIPL/PLAYINT summaries in the period). Evaluate once per period from stored rows only.,80,3500,0
W021,Weekly,Medium,Bowling Spearhead,Have one bowler take 12 wickets across the week.,Bowling/Wickets,MATCH_COMPLETED -> quest_match_summaries.bowling[].wickets,bowler_wickets_total,12,none,MAX over bowler player_id of SUM(bw.wickets) across filtered summaries >= 12. Filters: none (all PLAY/PLAYIPL/PLAYINT summaries in the period). Evaluate once per period from stored rows only.,80,3500,0
W022,Weekly,Medium,Maiden Maker,Bowl 3 maiden overs across completed matches.,Bowling/Control,MATCH_COMPLETED -> quest_match_summaries.over_history[runs/balls],maiden_overs,3,none,COUNT(over_history rows where bowling_team_id == user_id AND balls == 6 AND runs == 0) >= 3. Filters: none (all PLAY/PLAYIPL/PLAYINT summaries in the period). Evaluate once per period from stored rows only.,80,3500,0
W023,Weekly,Hard,Wicket Empire,Take 65 wickets across completed matches.,Bowling/Wickets,MATCH_COMPLETED -> quest_match_summaries.bowling_wickets,team_wickets,65,none,SUM(MS.bowling_wickets) over filtered summaries >= 65. Filters: none (all PLAY/PLAYIPL/PLAYINT summaries in the period). Evaluate once per period from stored rows only.,120,5000,0
W024,Weekly,Hard,Four-Wicket Club,Record 2 bowling spells of 4 or more wickets.,Bowling/Wickets,MATCH_COMPLETED -> quest_match_summaries.bowling[].wickets,haul_count,2,w=4,COUNT(bowling spells with bw.wickets >= 4) >= 2. Filters: none (all PLAY/PLAYIPL/PLAYINT summaries in the period). Evaluate once per period from stored rows only.,120,5000,0
W025,Weekly,Hard,Five-Wicket Feast,Have a bowler take 5 wickets in a single match.,Bowling/Wickets,MATCH_COMPLETED -> quest_match_summaries.bowling[].wickets,haul_count,1,w=5,COUNT(bowling spells with bw.wickets >= 5) >= 1. Filters: none (all PLAY/PLAYIPL/PLAYINT summaries in the period). Evaluate once per period from stored rows only.,120,5000,0
W026,Weekly,Hard,Miser's Spells,Bowl 2 full 4-over spells at an economy of 5.5 or lower.,Bowling/Control,MATCH_COMPLETED -> quest_match_summaries.bowling[].runs/balls,econ_spell_count,2,min_balls=24; econ=5.5,COUNT(spells with bw.balls >= 24 AND bw.runs*6/bw.balls <= 5.5 AND bw.wickets >= w (w default 0)) >= 2. Filters: none (all PLAY/PLAYIPL/PLAYINT summaries in the period). Evaluate once per period from stored rows only.,120,5000,0
W027,Weekly,Hard,Dot Domination,Bowl 280 dot balls across completed matches.,Bowling/Control,MATCH_COMPLETED -> quest_match_summaries.over_history[dots],dots_bowled,280,none,SUM(over.dots) over over_history rows where over.bowling_team_id == user_id (phase filter if given) >= 280. Filters: none (all PLAY/PLAYIPL/PLAYINT summaries in the period). Evaluate once per period from stored rows only.,120,5000,0
W028,Weekly,Hard,Triple Bowl-Out,Bowl the opposition out (take 10 wickets) in 3 different matches.,Bowling/Wickets,MATCH_COMPLETED -> quest_match_summaries.bowling_wickets,bowled_out_count,3,none,COUNT(filtered summaries with MS.bowling_wickets >= 10) >= 3. Filters: none (all PLAY/PLAYIPL/PLAYINT summaries in the period). Evaluate once per period from stored rows only.,120,5000,0
W029,Weekly,Easy,Powerplay Bank,Score 250 runs in the powerplay (overs 1-6) across completed matches.,Phase/Powerplay,MATCH_COMPLETED -> quest_match_summaries.over_history[runs],phase_runs,250,phase=powerplay,SUM(over.runs) over rows where batting_team_id == user_id AND over.powerplay == powerplay >= 250. Filters: none (all PLAY/PLAYIPL/PLAYINT summaries in the period). Evaluate once per period from stored rows only.,50,2500,0
W030,Weekly,Easy,Early Breakers,Take 8 wickets in the powerplay (overs 1-6) across completed matches.,Phase/Powerplay,MATCH_COMPLETED -> quest_match_summaries.over_history[wickets],phase_wickets,8,phase=powerplay,SUM(over.wickets) over rows where bowling_team_id == user_id AND over.powerplay == powerplay >= 8. Filters: none (all PLAY/PLAYIPL/PLAYINT summaries in the period). Evaluate once per period from stored rows only.,50,2500,0
W031,Weekly,Easy,Middle Control,Score 300 runs in the middle overs (7-15) across completed matches.,Phase/Middle,MATCH_COMPLETED -> quest_match_summaries.over_history[runs],phase_runs,300,phase=middle,SUM(over.runs) over rows where batting_team_id == user_id AND over.middle == middle >= 300. Filters: none (all PLAY/PLAYIPL/PLAYINT summaries in the period). Evaluate once per period from stored rows only.,50,2500,0
W032,Weekly,Medium,Death Overs Haul,Score 200 runs in the death overs (16-20) across completed matches.,Phase/Death,MATCH_COMPLETED -> quest_match_summaries.over_history[runs],phase_runs,200,phase=death,SUM(over.runs) over rows where batting_team_id == user_id AND over.death == death >= 200. Filters: none (all PLAY/PLAYIPL/PLAYINT summaries in the period). Evaluate once per period from stored rows only.,80,3500,0
W033,Weekly,Medium,Middle Squeeze,Take 15 wickets in the middle overs (7-15) across completed matches.,Phase/Middle,MATCH_COMPLETED -> quest_match_summaries.over_history[wickets],phase_wickets,15,phase=middle,SUM(over.wickets) over rows where bowling_team_id == user_id AND over.middle == middle >= 15. Filters: none (all PLAY/PLAYIPL/PLAYINT summaries in the period). Evaluate once per period from stored rows only.,80,3500,0
W034,Weekly,Medium,Powerplay Starts,Score 55 or more runs in the powerplay (overs 1-6) of 3 different innings.,Phase/Powerplay,MATCH_COMPLETED -> quest_match_summaries.over_history[runs],phase_innings_count,3,phase=powerplay; phase_min=55,"COUNT(innings where SUM(over.runs in powerplay, batting rows) >= powerplay_min) >= 3. Filters: none (all PLAY/PLAYIPL/PLAYINT summaries in the period). Evaluate once per period from stored rows only.",80,3500,0
W035,Weekly,Medium,Tight Openers,Bowl 5 complete powerplay overs (overs 1-6) conceding 4 runs or fewer each.,Phase/Powerplay,MATCH_COMPLETED -> quest_match_summaries.over_history[runs],phase_tight_overs,5,phase=powerplay; max_over_runs=4,COUNT(complete overs (balls==6) in powerplay where bowling_team_id == user_id AND runs <= 4) >= 5. Filters: none (all PLAY/PLAYIPL/PLAYINT summaries in the period). Evaluate once per period from stored rows only.,80,3500,0
W036,Weekly,Hard,Death Wickets,Take 12 wickets in the death overs (16-20) across completed matches.,Phase/Death,MATCH_COMPLETED -> quest_match_summaries.over_history[wickets],phase_wickets,12,phase=death,SUM(over.wickets) over rows where bowling_team_id == user_id AND over.death == death >= 12. Filters: none (all PLAY/PLAYIPL/PLAYINT summaries in the period). Evaluate once per period from stored rows only.,120,5000,0
W037,Weekly,Hard,Powerplay Terror,Take 15 wickets in the powerplay (overs 1-6) across completed matches.,Phase/Powerplay,MATCH_COMPLETED -> quest_match_summaries.over_history[wickets],phase_wickets,15,phase=powerplay,SUM(over.wickets) over rows where bowling_team_id == user_id AND over.powerplay == powerplay >= 15. Filters: none (all PLAY/PLAYIPL/PLAYINT summaries in the period). Evaluate once per period from stored rows only.,120,5000,0
W038,Weekly,Hard,Iron Overs,Bowl 4 complete death overs (overs 16-20) conceding 4 runs or fewer each.,Phase/Death,MATCH_COMPLETED -> quest_match_summaries.over_history[runs],phase_tight_overs,4,phase=death; max_over_runs=4,COUNT(complete overs (balls==6) in death where bowling_team_id == user_id AND runs <= 4) >= 4. Filters: none (all PLAY/PLAYIPL/PLAYINT summaries in the period). Evaluate once per period from stored rows only.,120,5000,0
W039,Weekly,Easy,Chase Habit,Win 3 matches while chasing.,Chase,MATCH_COMPLETED -> quest_match_summaries.won,wins,3,side=chasing,COUNT(filtered summaries with MS.won == true) >= 3. Filters: chasing=true. Evaluate once per period from stored rows only.,50,2500,0
W040,Weekly,Easy,Defence Habit,Win 3 matches while defending a total (batting first).,Defence,MATCH_COMPLETED -> quest_match_summaries.won,wins,3,side=defending,COUNT(filtered summaries with MS.won == true) >= 3. Filters: defending=true. Evaluate once per period from stored rows only.,50,2500,0
W041,Weekly,Easy,Chase Builder,Have one batter accumulate 150 runs while chasing across the week.,Chase,MATCH_COMPLETED -> quest_match_summaries.batting[].runs,player_runs_total,150,side=chasing,MAX over player_id of SUM(b.runs) across filtered summaries >= 150 (same player must accumulate). Filters: chasing=true. Evaluate once per period from stored rows only.,50,2500,0
W042,Weekly,Medium,Chase 160,Win 2 chases of a target of 160 or more.,Chase,MATCH_COMPLETED -> quest_match_summaries.target,chase_target_wins,2,target_min=160,COUNT(summaries with chasing AND won AND MS.2 >= 2_min) >= 2. Filters: none (all PLAY/PLAYIPL/PLAYINT summaries in the period). Evaluate once per period from stored rows only.,80,3500,0
W043,Weekly,Medium,Late Charges,Win 2 chases that last 15 overs or longer.,Chase,MATCH_COMPLETED -> quest_match_summaries.late_chase,late_chase_wins,2,none,"COUNT(summaries with chasing AND won AND late_chase) >= 2 (2nd-innings legal_balls >= 90, i.e. the chase lasted 15 or more overs). Filters: none (all PLAY/PLAYIPL/PLAYINT summaries in the period). Evaluate once per period from stored rows only.",80,3500,0
W044,Weekly,Medium,Cool Heads,Win 2 chases after losing 4 wickets or fewer.,Chase,MATCH_COMPLETED -> quest_match_summaries.batting[].dismissed,chase_wins_low_wkts,2,max_wkts_lost=4,COUNT(summaries with chasing AND won AND COUNT(b.dismissed) <= 4) >= 2. Filters: none (all PLAY/PLAYIPL/PLAYINT summaries in the period). Evaluate once per period from stored rows only.,80,3500,0
W045,Weekly,Medium,Chasing Fifties,Record 3 innings of 50 or more in matches you win while chasing.,Chase,MATCH_COMPLETED -> quest_match_summaries.batting[].runs,fifty_plus_count,3,side=chasing; result=won,"COUNT(batting innings b with b.runs >= 50) >= 3 (centuries count). Filters: chasing=true, won=true. Evaluate once per period from stored rows only.",80,3500,0
W046,Weekly,Medium,Defence 170,Win 2 matches while defending a total of 170 or more.,Defence,MATCH_COMPLETED -> quest_match_summaries.batting_runs,defend_total_wins,2,score_min=170,COUNT(summaries with defending AND won AND MS.batting_runs >= 170) >= 2. Filters: none (all PLAY/PLAYIPL/PLAYINT summaries in the period). Evaluate once per period from stored rows only.,80,3500,0
W047,Weekly,Medium,Squeeze Win,Win 3 matches in which your bowlers concede 135 runs or fewer.,Defence,MATCH_COMPLETED -> quest_match_summaries.bowling[].runs,wins_low_conceded,3,max_conceded=135,COUNT(filtered summaries with won AND SUM(bw.runs) <= 135) >= 3. Filters: none (all PLAY/PLAYIPL/PLAYINT summaries in the period). Evaluate once per period from stored rows only.,80,3500,0
W048,Weekly,Medium,Balanced Victor,Win at least 2 matches while chasing and 2 matches while defending in the same week.,Match Wins,MATCH_COMPLETED -> quest_match_summaries.won,balanced_wins,1,chase=2; defend=2,COUNT(chasing wins) >= 2 AND COUNT(defending wins) >= 2. Filters: none (all PLAY/PLAYIPL/PLAYINT summaries in the period). Evaluate once per period from stored rows only.,80,3500,0
W049,Weekly,Hard,Chase Master,Win 7 matches while chasing.,Chase,MATCH_COMPLETED -> quest_match_summaries.won,wins,7,side=chasing,COUNT(filtered summaries with MS.won == true) >= 7. Filters: chasing=true. Evaluate once per period from stored rows only.,120,5000,0
W050,Weekly,Hard,Defence Master,Win 7 matches while defending a total (batting first).,Defence,MATCH_COMPLETED -> quest_match_summaries.won,wins,7,side=defending,COUNT(filtered summaries with MS.won == true) >= 7. Filters: defending=true. Evaluate once per period from stored rows only.,120,5000,0
W051,Weekly,Easy,Win Week,Win 4 completed matches this week.,Match Wins,MATCH_COMPLETED -> quest_match_summaries.won,wins,4,none,COUNT(filtered summaries with MS.won == true) >= 4. Filters: none (all PLAY/PLAYIPL/PLAYINT summaries in the period). Evaluate once per period from stored rows only.,50,2500,0
W052,Weekly,Easy,Regular Player,Complete 8 matches this week.,Match Wins,MATCH_COMPLETED -> quest_match_summaries (MS),matches_played,8,none,COUNT(filtered summaries) >= 8. Filters: none (all PLAY/PLAYIPL/PLAYINT summaries in the period). Evaluate once per period from stored rows only.,50,2500,0
W053,Weekly,Easy,Pitch Explorer,Complete matches on 4 different pitch types.,Pitch,MATCH_COMPLETED -> quest_match_summaries.pitch,distinct_pitch_played,4,none,COUNT(DISTINCT MS.pitch among filtered summaries) >= 4. Filters: none (all PLAY/PLAYIPL/PLAYINT summaries in the period). Evaluate once per period from stored rows only.,50,2500,0
W054,Weekly,Medium,Consistency Pays,"Win at least 60% of your matches, from a minimum of 6 completed matches.",Match Wins,MATCH_COMPLETED -> quest_match_summaries.won,win_rate,60,min_matches=6,COUNT(filtered summaries) >= 6 AND wins*100/COUNT >= 60 (percent). Filters: none (all PLAY/PLAYIPL/PLAYINT summaries in the period). Evaluate once per period from stored rows only.,80,3500,0
W055,Weekly,Medium,Triple Formats,"Complete at least one match in each of the 3 game modes (Play, Play IPL, Play International).",Game Modes,MATCH_COMPLETED -> quest_match_summaries.match_type,distinct_modes_played,3,none,COUNT(DISTINCT MS.match_type among summaries) >= 3. Filters: none (all PLAY/PLAYIPL/PLAYINT summaries in the period). Evaluate once per period from stored rows only.,80,3500,0
W056,Weekly,Hard,Perfect Run,Win 5 matches in a row.,Match Wins,MATCH_COMPLETED -> quest_match_summaries.won,win_streak,5,none,"Longest run of consecutive MS.won == true, ordered by played_at over filtered summaries, >= 5 (a loss or tie breaks the run). Filters: none (all PLAY/PLAYIPL/PLAYINT summaries in the period). Evaluate once per period from stored rows only.",120,5000,0
W057,Weekly,Hard,Winning Machine,Win 10 completed matches this week.,Match Wins,MATCH_COMPLETED -> quest_match_summaries.won,wins,10,none,COUNT(filtered summaries with MS.won == true) >= 10. Filters: none (all PLAY/PLAYIPL/PLAYINT summaries in the period). Evaluate once per period from stored rows only.,120,5000,0
W058,Weekly,Hard,Dominant Rate,"Win at least 70% of your matches, from a minimum of 8 completed matches.",Match Wins,MATCH_COMPLETED -> quest_match_summaries.won,win_rate,70,min_matches=8,COUNT(filtered summaries) >= 8 AND wins*100/COUNT >= 70 (percent). Filters: none (all PLAY/PLAYIPL/PLAYINT summaries in the period). Evaluate once per period from stored rows only.,120,5000,0
W059,Weekly,Hard,Pitch Conqueror,Win matches on 5 different pitch types.,Pitch,MATCH_COMPLETED -> quest_match_summaries.pitch,distinct_pitch_wins,5,none,COUNT(DISTINCT MS.pitch among won summaries) >= 5. Filters: none (all PLAY/PLAYIPL/PLAYINT summaries in the period). Evaluate once per period from stored rows only.,120,5000,0
W060,Weekly,Easy,Play Regular,Win 3 Play matches.,Game Modes,MATCH_COMPLETED -> quest_match_summaries.won,wins,3,mode=PLAY,COUNT(filtered summaries with MS.won == true) >= 3. Filters: match_type=PLAY. Evaluate once per period from stored rows only.,50,2500,0
W061,Weekly,Medium,IPL Contender,Win 3 Play IPL matches.,Game Modes,MATCH_COMPLETED -> quest_match_summaries.won,wins,3,mode=PLAYIPL,COUNT(filtered summaries with MS.won == true) >= 3. Filters: match_type=PLAYIPL. Evaluate once per period from stored rows only.,80,3500,0
W062,Weekly,Medium,League Runs,Score 600 team runs across Play IPL matches.,Game Modes,MATCH_COMPLETED -> quest_match_summaries.batting_runs,team_runs,600,mode=PLAYIPL,SUM(MS.batting_runs) over filtered summaries >= 600 (and COUNT(summaries) >= min_matches if given). Filters: match_type=PLAYIPL. Evaluate once per period from stored rows only.,80,3500,0
W063,Weekly,Medium,International Wickets,Take 20 wickets across Play International matches.,Game Modes,MATCH_COMPLETED -> quest_match_summaries.bowling_wickets,team_wickets,20,mode=PLAYINT,SUM(MS.bowling_wickets) over filtered summaries >= 20. Filters: match_type=PLAYINT. Evaluate once per period from stored rows only.,80,3500,0
W064,Weekly,Hard,Triple Threat,"Win at least 2 matches in each of the 3 game modes (Play, Play IPL, Play International).",Game Modes,MATCH_COMPLETED -> quest_match_summaries.match_type,mode_wins_min,1,per_mode=2,"For each of PLAY, PLAYIPL, PLAYINT: COUNT(won summaries) >= 2. Filters: none (all PLAY/PLAYIPL/PLAYINT summaries in the period). Evaluate once per period from stored rows only.",120,5000,0
W065,Weekly,Easy,Green Week,Take 8 wickets on GREEN pitches.,Pitch,MATCH_COMPLETED -> quest_match_summaries.bowling_wickets,team_wickets,8,pitch=green,SUM(MS.bowling_wickets) over filtered summaries >= 8. Filters: pitch='green'. Evaluate once per period from stored rows only.,50,2500,0
W066,Weekly,Easy,Flat Week,Score 300 team runs on FLAT pitches.,Pitch,MATCH_COMPLETED -> quest_match_summaries.batting_runs,team_runs,300,pitch=flat,SUM(MS.batting_runs) over filtered summaries >= 300 (and COUNT(summaries) >= min_matches if given). Filters: pitch='flat'. Evaluate once per period from stored rows only.,50,2500,0
W067,Weekly,Medium,Dry Rhythm,Score 300 team runs on DRY pitches.,Pitch,MATCH_COMPLETED -> quest_match_summaries.batting_runs,team_runs,300,pitch=dry,SUM(MS.batting_runs) over filtered summaries >= 300 (and COUNT(summaries) >= min_matches if given). Filters: pitch='dry'. Evaluate once per period from stored rows only.,80,3500,0
W068,Weekly,Medium,Dust Veteran,Take 10 wickets on DUSTY pitches.,Pitch,MATCH_COMPLETED -> quest_match_summaries.bowling_wickets,team_wickets,10,pitch=dusty,SUM(MS.bowling_wickets) over filtered summaries >= 10. Filters: pitch='dusty'. Evaluate once per period from stored rows only.,80,3500,0
W069,Weekly,Medium,Even Steven,Win 2 matches on EVEN pitches.,Pitch,MATCH_COMPLETED -> quest_match_summaries.won,wins,2,pitch=even,COUNT(filtered summaries with MS.won == true) >= 2. Filters: pitch='even'. Evaluate once per period from stored rows only.,80,3500,0
W070,Weekly,Medium,Slow Patience,Have one batter accumulate 150 runs on SLOW pitches.,Pitch,MATCH_COMPLETED -> quest_match_summaries.batting[].runs,player_runs_total,150,pitch=slow,MAX over player_id of SUM(b.runs) across filtered summaries >= 150 (same player must accumulate). Filters: pitch='slow'. Evaluate once per period from stored rows only.,80,3500,0
W071,Weekly,Hard,Green Seam Week,Have one bowler take 8 wickets on GREEN pitches.,Pitch,MATCH_COMPLETED -> quest_match_summaries.bowling[].wickets,bowler_wickets_total,8,pitch=green,MAX over bowler player_id of SUM(bw.wickets) across filtered summaries >= 8. Filters: pitch='green'. Evaluate once per period from stored rows only.,120,5000,0
W072,Weekly,Hard,Flat Fireworks,Hit 20 sixes on FLAT pitches.,Pitch,MATCH_COMPLETED -> quest_match_summaries.batting[].sixes,team_sixes,20,pitch=flat,SUM(b.sixes) over filtered summaries >= 20. Filters: pitch='flat'. Evaluate once per period from stored rows only.,120,5000,0
W073,Weekly,Hard,Dry Dominion,Win 4 matches on DRY pitches.,Pitch,MATCH_COMPLETED -> quest_match_summaries.won,wins,4,pitch=dry,COUNT(filtered summaries with MS.won == true) >= 4. Filters: pitch='dry'. Evaluate once per period from stored rows only.,120,5000,0
W074,Weekly,Hard,Dustbowl Chasers,Win 3 matches while chasing on DUSTY pitches.,Pitch,MATCH_COMPLETED -> quest_match_summaries.won,wins,3,pitch=dusty; side=chasing,"COUNT(filtered summaries with MS.won == true) >= 3. Filters: pitch='dusty', chasing=true. Evaluate once per period from stored rows only.",120,5000,0
W075,Weekly,Hard,Bounce Defenders,Win 3 matches while defending a total on BOUNCY pitches.,Pitch,MATCH_COMPLETED -> quest_match_summaries.won,wins,3,pitch=bouncy; side=defending,"COUNT(filtered summaries with MS.won == true) >= 3. Filters: pitch='bouncy', defending=true. Evaluate once per period from stored rows only.",120,5000,0
W076,Weekly,Hard,Slow Lockdown,Win 2 matches on SLOW pitches in which your bowlers concede 125 runs or fewer.,Pitch,MATCH_COMPLETED -> quest_match_summaries.bowling[].runs,wins_low_conceded,2,pitch=slow; max_conceded=125,COUNT(filtered summaries with won AND SUM(bw.runs) <= 125) >= 2. Filters: pitch='slow'. Evaluate once per period from stored rows only.,120,5000,0
W077,Weekly,Medium,Double Duty Pair,"Have a player score 25 or more runs and take 2 or more wickets in the same match, twice this week.",All-Round,MATCH_COMPLETED -> quest_match_summaries.batting[]+bowling[],allround_match,2,runs=25; w=2,COUNT(summaries where some player_id has batting 25 >= 25 AND bowling wickets >= 2 in the same summary) >= 2. Filters: none (all PLAY/PLAYIPL/PLAYINT summaries in the period). Evaluate once per period from stored rows only.,80,3500,0
W078,Weekly,Medium,Complete Wins,Win 3 matches in which one batter scores 50 or more and one bowler takes 3 or more wickets.,All-Round,MATCH_COMPLETED -> quest_match_summaries.batting[]+bowling[],complete_win,3,none,COUNT(won summaries with a batter >= 50 runs AND a bowler >= 3 wickets) >= 3. Filters: none (all PLAY/PLAYIPL/PLAYINT summaries in the period). Evaluate once per period from stored rows only.,80,3500,0
W079,Weekly,Medium,Depth Charge,"In 3 different matches, have 3 batters each score 30 or more.",All-Round,MATCH_COMPLETED -> quest_match_summaries.batting[].runs,depth_match,3,min_runs=30; batters=3,COUNT(filtered summaries where COUNT(b with b.runs >= 30) >= 3) >= 3. Filters: none (all PLAY/PLAYIPL/PLAYINT summaries in the period). Evaluate once per period from stored rows only.,80,3500,0
W080,Weekly,Hard,Twin Fifty Matches,"In 2 different matches, have 2 batters each score 50 or more.",All-Round,MATCH_COMPLETED -> quest_match_summaries.batting[].runs,multi_fifty_match,2,n=2,COUNT(filtered summaries where COUNT(b with b.runs >= 50) >= 2) >= 2. Filters: none (all PLAY/PLAYIPL/PLAYINT summaries in the period). Evaluate once per period from stored rows only.,120,5000,0
W081,Weekly,Hard,All-Round Pair,"Have a player score 40 or more runs and take 2 or more wickets in the same match, twice this week.",All-Round,MATCH_COMPLETED -> quest_match_summaries.batting[]+bowling[],allround_match,2,runs=40; w=2,COUNT(summaries where some player_id has batting 40 >= 40 AND bowling wickets >= 2 in the same summary) >= 2. Filters: none (all PLAY/PLAYIPL/PLAYINT summaries in the period). Evaluate once per period from stored rows only.,120,5000,0
W082,Weekly,Easy,Market Week,Purchase 3 players of 65 OVR or higher.,Progression/Players,PLAYER_PURCHASE (quest_events),purchase_ovr_count,3,ovr_min=65,COUNT(PLAYER_PURCHASE events with metadata.ovr >= 65) >= 3. Filters: none (all PLAY/PLAYIPL/PLAYINT summaries in the period). Evaluate once per period from stored rows only.,50,2500,0
W083,Weekly,Medium,Rare Signing,Purchase 2 players of 75 OVR or higher.,Progression/Players,PLAYER_PURCHASE (quest_events),purchase_ovr_count,2,ovr_min=75,COUNT(PLAYER_PURCHASE events with metadata.ovr >= 75) >= 2. Filters: none (all PLAY/PLAYIPL/PLAYINT summaries in the period). Evaluate once per period from stored rows only.,80,3500,0
W084,Weekly,Hard,Elite Acquisition,Purchase 1 player of 80 OVR or higher.,Progression/Players,PLAYER_PURCHASE (quest_events),purchase_ovr_count,1,ovr_min=80,COUNT(PLAYER_PURCHASE events with metadata.ovr >= 80) >= 1. Filters: none (all PLAY/PLAYIPL/PLAYINT summaries in the period). Evaluate once per period from stored rows only.,120,5000,0
W085,Weekly,Easy,Coin Investor,"Spend 30,000 Coins in the Player Shop.",Economy,COIN_SPENT (quest_events),shop_coins_spent,30000,none,SUM(value_int of COIN_SPENT events with metadata.source == 'player_shop') >= 30000 (exit penalties excluded). Filters: none (all PLAY/PLAYIPL/PLAYINT summaries in the period). Evaluate once per period from stored rows only.,50,2500,0
W086,Weekly,Hard,Power Purchase,"Spend 300,000 Coins in the Player Shop.",Economy,COIN_SPENT (quest_events),shop_coins_spent,300000,none,SUM(value_int of COIN_SPENT events with metadata.source == 'player_shop') >= 300000 (exit penalties excluded). Filters: none (all PLAY/PLAYIPL/PLAYINT summaries in the period). Evaluate once per period from stored rows only.,120,5000,0
W087,Weekly,Easy,Upgrade Trio,Equip 3 upgrades on your players.,Progression/Upgrades,UPGRADE_APPLIED (quest_events),upgrades_equipped,3,none,COUNT(UPGRADE_APPLIED events) >= 3. Filters: none (all PLAY/PLAYIPL/PLAYINT summaries in the period). Evaluate once per period from stored rows only.,50,2500,0
W088,Weekly,Medium,Upgrade Spread,Equip 3 different upgrade types.,Progression/Upgrades,UPGRADE_APPLIED (quest_events),distinct_upgrades_equipped,3,none,COUNT(DISTINCT metadata.upgrade_key among UPGRADE_APPLIED events) >= 3. Filters: none (all PLAY/PLAYIPL/PLAYINT summaries in the period). Evaluate once per period from stored rows only.,80,3500,0
W089,Weekly,Medium,Level Up Pair,Level up owned upgrades 2 times.,Progression/Upgrades,RUBY_SPENT (quest_events),upgrade_levelups,2,none,COUNT(RUBY_SPENT events with metadata.source == 'upgrade_levelup') >= 2. Filters: none (all PLAY/PLAYIPL/PLAYINT summaries in the period). Evaluate once per period from stored rows only.,80,3500,0
W090,Weekly,Medium,Ruby Investment,"Spend 1,000 Rubies on upgrades (purchases and level-ups).",Economy,RUBY_SPENT (quest_events),upgrade_rubies_spent,1000,none,"SUM(value_int of RUBY_SPENT events with metadata.source IN ('upgrade_purchase','upgrade_levelup')) >= 1000 (coin_exchange excluded). Filters: none (all PLAY/PLAYIPL/PLAYINT summaries in the period). Evaluate once per period from stored rows only.",80,3500,0
W091,Weekly,Hard,Squad Wide Gear,Equip upgrades on 5 different players.,Progression/Upgrades,UPGRADE_APPLIED (quest_events),distinct_players_upgraded,5,none,COUNT(DISTINCT metadata.player_id among UPGRADE_APPLIED events) >= 5. Filters: none (all PLAY/PLAYIPL/PLAYINT summaries in the period). Evaluate once per period from stored rows only.,120,5000,0
W092,Weekly,Easy,Claim Week,Successfully claim 8 players.,Progression/Claims,CLAIM_SUCCESS (quest_events),claim_count,8,none,COUNT(CLAIM_SUCCESS events) >= 8. Filters: none (all PLAY/PLAYIPL/PLAYINT summaries in the period). Evaluate once per period from stored rows only.,50,2500,0
W093,Weekly,Medium,Claim Days,Successfully claim a player on 4 different days.,Progression/Claims,CLAIM_SUCCESS (quest_events),claim_days,4,none,COUNT(DISTINCT metadata.event_date among CLAIM_SUCCESS events) >= 4. Filters: none (all PLAY/PLAYIPL/PLAYINT summaries in the period). Evaluate once per period from stored rows only.,80,3500,0
W094,Weekly,Medium,Seven Day Reward,Collect your daily reward on 7 consecutive days.,Progression/Rewards,DAILY_REWARD_CLAIM (quest_events),daily_reward_streak,7,none,Longest run of consecutive calendar dates (metadata.event_date) with a DAILY_REWARD_CLAIM event >= 7. Filters: none (all PLAY/PLAYIPL/PLAYINT summaries in the period). Evaluate once per period from stored rows only.,80,3500,0
W095,Weekly,Medium,Pack Buyer,Purchase 1 pack with Sigils.,Progression/Packs,PACK_PURCHASED (quest_events),packs_purchased,1,none,COUNT(PACK_PURCHASED events (metadata.pack_key == pack_key if given)) >= 1. Filters: none (all PLAY/PLAYIPL/PLAYINT summaries in the period). Evaluate once per period from stored rows only.,80,3500,0
W096,Weekly,Hard,Pack Variety,Open packs of 3 different tiers.,Progression/Packs,PACK_OPENED (quest_events),distinct_packs_opened,3,none,"COUNT(DISTINCT metadata.pack_key among PACK_OPENED events) >= 3 (bronze, silver, gold, diamond, platinum). Filters: none (all PLAY/PLAYIPL/PLAYINT summaries in the period). Evaluate once per period from stored rows only.",120,5000,0
W097,Weekly,Hard,Gold Rush,Open a Gold Pack.,Progression/Packs,PACK_OPENED (quest_events),packs_opened,1,pack_key=gold,COUNT(PACK_OPENED events (metadata.pack_key == pack_key if given)) >= 1. Filters: none (all PLAY/PLAYIPL/PLAYINT summaries in the period). Evaluate once per period from stored rows only.,120,5000,0
W098,Weekly,Medium,League Compliance,"Confirm a Playing XI that contains exactly 4 overseas players, on 2 occasions.",Playing XI,OVERSEAS_XI_CONFIRMED (quest_events),overseas_xi,2,overseas_count=4,COUNT(OVERSEAS_XI_CONFIRMED events with metadata.4 == 4) >= 2. Filters: none (all PLAY/PLAYIPL/PLAYINT summaries in the period). Evaluate once per period from stored rows only.,80,3500,0
W099,Weekly,Medium,Quest Regular,Complete 10 Daily Quests this week.,Quest Meta,quest_completions,daily_quests_done,10,none,"COUNT(quest_completions rows, period_type=daily, completed in the current period) >= 10 (the task itself is excluded). Filters: none (all PLAY/PLAYIPL/PLAYINT summaries in the period). Evaluate once per period from stored rows only.",80,3500,0
W100,Weekly,Hard,Quest Sweep,Complete all 5 assigned Daily Quests on 3 different days.,Quest Meta,quest_completions,daily_full_clear_days,3,none,COUNT(dates on which all 5 assigned daily quests were completed) >= 3. Filters: none (all PLAY/PLAYIPL/PLAYINT summaries in the period). Evaluate once per period from stored rows only.,120,5000,0
M001,Monthly,Easy,Monthly Run Vault,"Score 3,000 team runs across completed matches this month.",Batting/Team,MATCH_COMPLETED -> quest_match_summaries.batting_runs,team_runs,3000,none,SUM(MS.batting_runs) over filtered summaries >= 3000 (and COUNT(summaries) >= min_matches if given). Filters: none (all PLAY/PLAYIPL/PLAYINT summaries in the period). Evaluate once per period from stored rows only.,100,500,0
M002,Monthly,Easy,Solid Totals,Post a team score of 150 or more in 10 different matches.,Batting/Team,MATCH_COMPLETED -> quest_match_summaries.batting_runs,team_score_count,10,score_min=150,COUNT(filtered summaries with MS.batting_runs >= 150) >= 10. Filters: none (all PLAY/PLAYIPL/PLAYINT summaries in the period). Evaluate once per period from stored rows only.,100,500,0
M003,Monthly,Medium,Season Average,Average 155 or more team runs per match across at least 15 completed matches.,Batting/Team,MATCH_COMPLETED -> quest_match_summaries.batting_runs,avg_team_runs,155,min_matches=15,COUNT(filtered summaries) >= 15 AND SUM(batting_runs)/COUNT >= 155. Filters: none (all PLAY/PLAYIPL/PLAYINT summaries in the period). Evaluate once per period from stored rows only.,150,0,100
M004,Monthly,Medium,Big Total Collector,Post a team score of 180 or more in 6 different matches.,Batting/Team,MATCH_COMPLETED -> quest_match_summaries.batting_runs,team_score_count,6,score_min=180,COUNT(filtered summaries with MS.batting_runs >= 180) >= 6. Filters: none (all PLAY/PLAYIPL/PLAYINT summaries in the period). Evaluate once per period from stored rows only.,150,0,100
M005,Monthly,Hard,Scoring Dynasty,Average 170 or more team runs per match across at least 25 completed matches.,Batting/Team,MATCH_COMPLETED -> quest_match_summaries.batting_runs,avg_team_runs,170,min_matches=25,COUNT(filtered summaries) >= 25 AND SUM(batting_runs)/COUNT >= 170. Filters: none (all PLAY/PLAYIPL/PLAYINT summaries in the period). Evaluate once per period from stored rows only.,200,0,200
M006,Monthly,Hard,Double-Ton Club,Post a team score of 200 or more in 5 different matches.,Batting/Team,MATCH_COMPLETED -> quest_match_summaries.batting_runs,team_score_count,5,score_min=200,COUNT(filtered summaries with MS.batting_runs >= 200) >= 5. Filters: none (all PLAY/PLAYIPL/PLAYINT summaries in the period). Evaluate once per period from stored rows only.,200,0,200
M007,Monthly,Easy,Run Accumulator,"Have one batter accumulate 1,000 runs across the month.",Batting/Player,MATCH_COMPLETED -> quest_match_summaries.batting[].runs,player_runs_total,1000,none,MAX over player_id of SUM(b.runs) across filtered summaries >= 1000 (same player must accumulate). Filters: none (all PLAY/PLAYIPL/PLAYINT summaries in the period). Evaluate once per period from stored rows only.,100,500,0
M008,Monthly,Easy,Fifty Habit,Record 8 innings of 50 or more runs across the month.,Batting/Player,MATCH_COMPLETED -> quest_match_summaries.batting[].runs,fifty_plus_count,8,none,COUNT(batting innings b with b.runs >= 50) >= 8 (centuries count). Filters: none (all PLAY/PLAYIPL/PLAYINT summaries in the period). Evaluate once per period from stored rows only.,100,500,0
M009,Monthly,Medium,Run Marshal,"Have one batter accumulate 1,000 runs while chasing across the month.",Batting/Player,MATCH_COMPLETED -> quest_match_summaries.batting[].runs,player_runs_total,1000,side=chasing,MAX over player_id of SUM(b.runs) across filtered summaries >= 1000 (same player must accumulate). Filters: chasing=true. Evaluate once per period from stored rows only.,150,0,100
M010,Monthly,Medium,Fifty Brigade Elite,Have 6 different batters each score 50 or more at least once this month.,Batting/Player,MATCH_COMPLETED -> quest_match_summaries.batting[].player_id,distinct_fifty_players,6,none,COUNT(DISTINCT b.player_id with b.runs >= 50 in any filtered summary) >= 6. Filters: none (all PLAY/PLAYIPL/PLAYINT summaries in the period). Evaluate once per period from stored rows only.,150,0,100
M011,Monthly,Medium,Century Collector,Record 3 innings of 100 or more runs across the month.,Batting/Player,MATCH_COMPLETED -> quest_match_summaries.batting[].runs,hundred_count,3,none,COUNT(batting innings b with b.runs >= 100) >= 3. Filters: none (all PLAY/PLAYIPL/PLAYINT summaries in the period). Evaluate once per period from stored rows only.,150,0,100
M012,Monthly,Medium,Calm Finisher,Finish not out on 50 or more runs in 6 different innings.,Batting/Player,MATCH_COMPLETED -> quest_match_summaries.batting[].dismissed,notout_innings_count,6,min_runs=50,COUNT(batting innings with b.runs >= 50 AND b.dismissed == false) >= 6. Filters: none (all PLAY/PLAYIPL/PLAYINT summaries in the period). Evaluate once per period from stored rows only.,150,0,100
M013,Monthly,Medium,Rapid Fifties,Score 50 or more off 35 balls or fewer in 6 different innings.,Batting/Player,MATCH_COMPLETED -> quest_match_summaries.batting[].balls,fast_innings_count,6,min_runs=50; balls=35,COUNT(batting innings with b.runs >= 50 AND 0 < b.35 <= 35) >= 6. Filters: none (all PLAY/PLAYIPL/PLAYINT summaries in the period). Evaluate once per period from stored rows only.,150,0,100
M014,Monthly,Hard,Run Legend,"Have one batter accumulate 3,500 runs across the month.",Batting/Player,MATCH_COMPLETED -> quest_match_summaries.batting[].runs,player_runs_total,3500,none,MAX over player_id of SUM(b.runs) across filtered summaries >= 3500 (same player must accumulate). Filters: none (all PLAY/PLAYIPL/PLAYINT summaries in the period). Evaluate once per period from stored rows only.,200,0,200
M015,Monthly,Hard,Strike Rate Elite,Score 40 or more at a strike rate of 160 or higher in 8 different innings.,Batting/Player,MATCH_COMPLETED -> quest_match_summaries.batting[].balls,sr_innings_count,8,min_runs=40; sr=160,COUNT(batting innings with b.runs >= 40 AND b.balls > 0 AND b.runs*100/b.balls >= 160) >= 8. Filters: none (all PLAY/PLAYIPL/PLAYINT summaries in the period). Evaluate once per period from stored rows only.,200,0,200
M016,Monthly,Hard,Blitz Centuries,Score 100 or more off 65 balls or fewer in 3 different innings.,Batting/Player,MATCH_COMPLETED -> quest_match_summaries.batting[].balls,fast_innings_count,3,min_runs=100; balls=65,COUNT(batting innings with b.runs >= 100 AND 0 < b.65 <= 65) >= 3. Filters: none (all PLAY/PLAYIPL/PLAYINT summaries in the period). Evaluate once per period from stored rows only.,200,0,200
M017,Monthly,Easy,Boundary Month,Hit 250 boundaries (fours and sixes combined) across completed matches.,Batting/Boundaries,MATCH_COMPLETED -> quest_match_summaries.batting[].fours+sixes,team_boundaries,250,none,SUM(b.fours + b.sixes) over filtered summaries >= 250. Filters: none (all PLAY/PLAYIPL/PLAYINT summaries in the period). Evaluate once per period from stored rows only.,100,500,0
M018,Monthly,Medium,Six Season,Hit 100 sixes across completed matches.,Batting/Boundaries,MATCH_COMPLETED -> quest_match_summaries.batting[].sixes,team_sixes,100,none,SUM(b.sixes) over filtered summaries >= 100. Filters: none (all PLAY/PLAYIPL/PLAYINT summaries in the period). Evaluate once per period from stored rows only.,150,0,100
M019,Monthly,Medium,Power Hitter,Have one batter hit 40 sixes across the month.,Batting/Boundaries,MATCH_COMPLETED -> quest_match_summaries.batting[].sixes,player_sixes_total,40,none,MAX over player_id of SUM(b.sixes) across filtered summaries >= 40. Filters: none (all PLAY/PLAYIPL/PLAYINT summaries in the period). Evaluate once per period from stored rows only.,150,0,100
M020,Monthly,Hard,Fire Overs,Score 20 or more runs in a single over on 10 different occasions.,Batting/Boundaries,MATCH_COMPLETED -> quest_match_summaries.over_history[runs],big_overs,10,min_over_runs=20,COUNT(complete overs (balls==6) where batting_team_id == user_id AND runs >= 20) >= 10. Filters: none (all PLAY/PLAYIPL/PLAYINT summaries in the period). Evaluate once per period from stored rows only.,200,0,200
M021,Monthly,Hard,Boundary Colossus,Have one batter hit 18 boundaries (fours and sixes combined) in a single match.,Batting/Boundaries,MATCH_COMPLETED -> quest_match_summaries.batting[].fours+sixes,player_boundaries_match,18,none,MAX(b.fours + b.sixes) in a single filtered summary >= 18. Filters: none (all PLAY/PLAYIPL/PLAYINT summaries in the period). Evaluate once per period from stored rows only.,200,0,200
M022,Monthly,Easy,Wicket Month,Take 100 wickets across completed matches this month.,Bowling/Wickets,MATCH_COMPLETED -> quest_match_summaries.bowling_wickets,team_wickets,100,none,SUM(MS.bowling_wickets) over filtered summaries >= 100. Filters: none (all PLAY/PLAYIPL/PLAYINT summaries in the period). Evaluate once per period from stored rows only.,100,500,0
M023,Monthly,Easy,Spell Collector,Record 15 bowling spells of 2 or more wickets.,Bowling/Wickets,MATCH_COMPLETED -> quest_match_summaries.bowling[].wickets,haul_count,15,w=2,COUNT(bowling spells with bw.wickets >= 2) >= 15. Filters: none (all PLAY/PLAYIPL/PLAYINT summaries in the period). Evaluate once per period from stored rows only.,100,500,0
M024,Monthly,Medium,Three-Wicket Club,Record 8 bowling spells of 3 or more wickets.,Bowling/Wickets,MATCH_COMPLETED -> quest_match_summaries.bowling[].wickets,haul_count,8,w=3,COUNT(bowling spells with bw.wickets >= 3) >= 8. Filters: none (all PLAY/PLAYIPL/PLAYINT summaries in the period). Evaluate once per period from stored rows only.,150,0,100
M025,Monthly,Medium,Strike Bowler,Have one bowler take 50 wickets across the month.,Bowling/Wickets,MATCH_COMPLETED -> quest_match_summaries.bowling[].wickets,bowler_wickets_total,50,none,MAX over bowler player_id of SUM(bw.wickets) across filtered summaries >= 50. Filters: none (all PLAY/PLAYIPL/PLAYINT summaries in the period). Evaluate once per period from stored rows only.,150,0,100
M026,Monthly,Medium,Maiden Club,Bowl 8 maiden overs across completed matches.,Bowling/Control,MATCH_COMPLETED -> quest_match_summaries.over_history[runs/balls],maiden_overs,8,none,COUNT(over_history rows where bowling_team_id == user_id AND balls == 6 AND runs == 0) >= 8. Filters: none (all PLAY/PLAYIPL/PLAYINT summaries in the period). Evaluate once per period from stored rows only.,150,0,100
M027,Monthly,Medium,Bowl-Out Specialists,Bowl the opposition out (take 10 wickets) in 6 different matches.,Bowling/Wickets,MATCH_COMPLETED -> quest_match_summaries.bowling_wickets,bowled_out_count,6,none,COUNT(filtered summaries with MS.bowling_wickets >= 10) >= 6. Filters: none (all PLAY/PLAYIPL/PLAYINT summaries in the period). Evaluate once per period from stored rows only.,150,0,100
M028,Monthly,Hard,Wicket Titan,Take 350 wickets across completed matches this month.,Bowling/Wickets,MATCH_COMPLETED -> quest_match_summaries.bowling_wickets,team_wickets,350,none,SUM(MS.bowling_wickets) over filtered summaries >= 350. Filters: none (all PLAY/PLAYIPL/PLAYINT summaries in the period). Evaluate once per period from stored rows only.,200,0,200
M029,Monthly,Hard,Four-For Club,Record 5 bowling spells of 4 or more wickets.,Bowling/Wickets,MATCH_COMPLETED -> quest_match_summaries.bowling[].wickets,haul_count,5,w=4,COUNT(bowling spells with bw.wickets >= 4) >= 5. Filters: none (all PLAY/PLAYIPL/PLAYINT summaries in the period). Evaluate once per period from stored rows only.,200,0,200
M030,Monthly,Hard,Five-For Pair,Record 2 bowling spells of 5 wickets.,Bowling/Wickets,MATCH_COMPLETED -> quest_match_summaries.bowling[].wickets,haul_count,2,w=5,COUNT(bowling spells with bw.wickets >= 5) >= 2. Filters: none (all PLAY/PLAYIPL/PLAYINT summaries in the period). Evaluate once per period from stored rows only.,200,0,200
M031,Monthly,Hard,Elite Spells,Bowl 5 full 4-over spells at an economy of 5.5 or lower.,Bowling/Control,MATCH_COMPLETED -> quest_match_summaries.bowling[].runs/balls,econ_spell_count,5,min_balls=24; econ=5.5,COUNT(spells with bw.balls >= 24 AND bw.runs*6/bw.balls <= 5.5 AND bw.wickets >= w (w default 0)) >= 5. Filters: none (all PLAY/PLAYIPL/PLAYINT summaries in the period). Evaluate once per period from stored rows only.,200,0,200
M032,Monthly,Hard,Dot Fortress,"Bowl 1,100 dot balls across completed matches.",Bowling/Control,MATCH_COMPLETED -> quest_match_summaries.over_history[dots],dots_bowled,1100,none,SUM(over.dots) over over_history rows where over.bowling_team_id == user_id (phase filter if given) >= 1100. Filters: none (all PLAY/PLAYIPL/PLAYINT summaries in the period). Evaluate once per period from stored rows only.,200,0,200
M033,Monthly,Easy,Powerplay Season,Score 900 runs in the powerplay (overs 1-6) across completed matches.,Phase/Powerplay,MATCH_COMPLETED -> quest_match_summaries.over_history[runs],phase_runs,900,phase=powerplay,SUM(over.runs) over rows where batting_team_id == user_id AND over.powerplay == powerplay >= 900. Filters: none (all PLAY/PLAYIPL/PLAYINT summaries in the period). Evaluate once per period from stored rows only.,100,500,0
M034,Monthly,Medium,Death Overs Season,Score 800 runs in the death overs (16-20) across completed matches.,Phase/Death,MATCH_COMPLETED -> quest_match_summaries.over_history[runs],phase_runs,800,phase=death,SUM(over.runs) over rows where batting_team_id == user_id AND over.death == death >= 800. Filters: none (all PLAY/PLAYIPL/PLAYINT summaries in the period). Evaluate once per period from stored rows only.,150,0,100
M035,Monthly,Medium,Powerplay Hunters,Take 40 wickets in the powerplay (overs 1-6) across completed matches.,Phase/Powerplay,MATCH_COMPLETED -> quest_match_summaries.over_history[wickets],phase_wickets,40,phase=powerplay,SUM(over.wickets) over rows where bowling_team_id == user_id AND over.powerplay == powerplay >= 40. Filters: none (all PLAY/PLAYIPL/PLAYINT summaries in the period). Evaluate once per period from stored rows only.,150,0,100
M036,Monthly,Medium,Middle Strangle,Take 70 wickets in the middle overs (7-15) across completed matches.,Phase/Middle,MATCH_COMPLETED -> quest_match_summaries.over_history[wickets],phase_wickets,70,phase=middle,SUM(over.wickets) over rows where bowling_team_id == user_id AND over.middle == middle >= 70. Filters: none (all PLAY/PLAYIPL/PLAYINT summaries in the period). Evaluate once per period from stored rows only.,150,0,100
M037,Monthly,Hard,Death Lockdown,Bowl 15 complete death overs (overs 16-20) conceding 5 runs or fewer each.,Phase/Death,MATCH_COMPLETED -> quest_match_summaries.over_history[runs],phase_tight_overs,15,phase=death; max_over_runs=5,COUNT(complete overs (balls==6) in death where bowling_team_id == user_id AND runs <= 5) >= 15. Filters: none (all PLAY/PLAYIPL/PLAYINT summaries in the period). Evaluate once per period from stored rows only.,200,0,200
M038,Monthly,Hard,Powerplay Blasts,Score 70 or more runs in the powerplay (overs 1-6) of 6 different innings.,Phase/Powerplay,MATCH_COMPLETED -> quest_match_summaries.over_history[runs],phase_innings_count,6,phase=powerplay; phase_min=70,"COUNT(innings where SUM(over.runs in powerplay, batting rows) >= powerplay_min) >= 6. Filters: none (all PLAY/PLAYIPL/PLAYINT summaries in the period). Evaluate once per period from stored rows only.",200,0,200
M039,Monthly,Easy,Chase Season,Win 8 matches while chasing.,Chase,MATCH_COMPLETED -> quest_match_summaries.won,wins,8,side=chasing,COUNT(filtered summaries with MS.won == true) >= 8. Filters: chasing=true. Evaluate once per period from stored rows only.,100,500,0
M040,Monthly,Easy,Defence Season,Win 8 matches while defending a total (batting first).,Defence,MATCH_COMPLETED -> quest_match_summaries.won,wins,8,side=defending,COUNT(filtered summaries with MS.won == true) >= 8. Filters: defending=true. Evaluate once per period from stored rows only.,100,500,0
M041,Monthly,Medium,Late Chase Legends,Win 6 chases that last 15 overs or longer.,Chase,MATCH_COMPLETED -> quest_match_summaries.late_chase,late_chase_wins,6,none,"COUNT(summaries with chasing AND won AND late_chase) >= 6 (2nd-innings legal_balls >= 90, i.e. the chase lasted 15 or more overs). Filters: none (all PLAY/PLAYIPL/PLAYINT summaries in the period). Evaluate once per period from stored rows only.",150,0,100
M042,Monthly,Medium,Chase Fifties Season,Record 8 innings of 50 or more in matches you win while chasing.,Chase,MATCH_COMPLETED -> quest_match_summaries.batting[].runs,fifty_plus_count,8,side=chasing; result=won,"COUNT(batting innings b with b.runs >= 50) >= 8 (centuries count). Filters: chasing=true, won=true. Evaluate once per period from stored rows only.",150,0,100
M043,Monthly,Medium,Total 180 Defence,Win 4 matches while defending a total of 180 or more.,Defence,MATCH_COMPLETED -> quest_match_summaries.batting_runs,defend_total_wins,4,score_min=180,COUNT(summaries with defending AND won AND MS.batting_runs >= 180) >= 4. Filters: none (all PLAY/PLAYIPL/PLAYINT summaries in the period). Evaluate once per period from stored rows only.,150,0,100
M044,Monthly,Medium,Balanced Season,Win at least 8 matches while chasing and 8 matches while defending in the same month.,Match Wins,MATCH_COMPLETED -> quest_match_summaries.won,balanced_wins,1,chase=8; defend=8,COUNT(chasing wins) >= 8 AND COUNT(defending wins) >= 8. Filters: none (all PLAY/PLAYIPL/PLAYINT summaries in the period). Evaluate once per period from stored rows only.,150,0,100
M045,Monthly,Hard,Chase Emperor,"Win at least 65% of your chases, from a minimum of 15 matches played while chasing.",Chase,MATCH_COMPLETED -> quest_match_summaries.won,win_rate,65,min_matches=15; side=chasing,COUNT(filtered summaries) >= 15 AND wins*100/COUNT >= 65 (percent). Filters: chasing=true. Evaluate once per period from stored rows only.,200,0,200
M046,Monthly,Hard,Chase 190 Club,Win 4 chases of a target of 190 or more.,Chase,MATCH_COMPLETED -> quest_match_summaries.target,chase_target_wins,4,target_min=190,COUNT(summaries with chasing AND won AND MS.4 >= 4_min) >= 4. Filters: none (all PLAY/PLAYIPL/PLAYINT summaries in the period). Evaluate once per period from stored rows only.,200,0,200
M047,Monthly,Hard,Cool Hand Chasers,Win 10 chases after losing 3 wickets or fewer.,Chase,MATCH_COMPLETED -> quest_match_summaries.batting[].dismissed,chase_wins_low_wkts,10,max_wkts_lost=3,COUNT(summaries with chasing AND won AND COUNT(b.dismissed) <= 3) >= 10. Filters: none (all PLAY/PLAYIPL/PLAYINT summaries in the period). Evaluate once per period from stored rows only.,200,0,200
M048,Monthly,Hard,Lockdown Wins,Win 6 matches in which your bowlers concede 115 runs or fewer.,Defence,MATCH_COMPLETED -> quest_match_summaries.bowling[].runs,wins_low_conceded,6,max_conceded=115,COUNT(filtered summaries with won AND SUM(bw.runs) <= 115) >= 6. Filters: none (all PLAY/PLAYIPL/PLAYINT summaries in the period). Evaluate once per period from stored rows only.,200,0,200
M049,Monthly,Hard,Chase Centurions,Record 3 innings of 100 or more runs while chasing.,Chase,MATCH_COMPLETED -> quest_match_summaries.batting[].runs,hundred_count,3,side=chasing,COUNT(batting innings b with b.runs >= 100) >= 3. Filters: chasing=true. Evaluate once per period from stored rows only.,200,0,200
M050,Monthly,Easy,Monthly Wins,Win 12 completed matches this month.,Match Wins,MATCH_COMPLETED -> quest_match_summaries.won,wins,12,none,COUNT(filtered summaries with MS.won == true) >= 12. Filters: none (all PLAY/PLAYIPL/PLAYINT summaries in the period). Evaluate once per period from stored rows only.,100,500,0
M051,Monthly,Easy,Active Player,Complete 30 matches this month.,Match Wins,MATCH_COMPLETED -> quest_match_summaries (MS),matches_played,30,none,COUNT(filtered summaries) >= 30. Filters: none (all PLAY/PLAYIPL/PLAYINT summaries in the period). Evaluate once per period from stored rows only.,100,500,0
M052,Monthly,Easy,Pitch Tour,Complete matches on 6 different pitch types.,Pitch,MATCH_COMPLETED -> quest_match_summaries.pitch,distinct_pitch_played,6,none,COUNT(DISTINCT MS.pitch among filtered summaries) >= 6. Filters: none (all PLAY/PLAYIPL/PLAYINT summaries in the period). Evaluate once per period from stored rows only.,100,500,0
M053,Monthly,Medium,Streak Season,Win 6 matches in a row.,Match Wins,MATCH_COMPLETED -> quest_match_summaries.won,win_streak,6,none,"Longest run of consecutive MS.won == true, ordered by played_at over filtered summaries, >= 6 (a loss or tie breaks the run). Filters: none (all PLAY/PLAYIPL/PLAYINT summaries in the period). Evaluate once per period from stored rows only.",150,0,100
M054,Monthly,Medium,Hard Yards,Win 8 matches on HARD pitches.,Pitch,MATCH_COMPLETED -> quest_match_summaries.won,wins,8,pitch=hard,COUNT(filtered summaries with MS.won == true) >= 8. Filters: pitch='hard'. Evaluate once per period from stored rows only.,150,0,100
M055,Monthly,Hard,Winning Dynasty,Win 45 completed matches this month.,Match Wins,MATCH_COMPLETED -> quest_match_summaries.won,wins,45,none,COUNT(filtered summaries with MS.won == true) >= 45. Filters: none (all PLAY/PLAYIPL/PLAYINT summaries in the period). Evaluate once per period from stored rows only.,200,0,200
M056,Monthly,Hard,Unstoppable,Win 10 matches in a row.,Match Wins,MATCH_COMPLETED -> quest_match_summaries.won,win_streak,10,none,"Longest run of consecutive MS.won == true, ordered by played_at over filtered summaries, >= 10 (a loss or tie breaks the run). Filters: none (all PLAY/PLAYIPL/PLAYINT summaries in the period). Evaluate once per period from stored rows only.",200,0,200
M057,Monthly,Hard,Elite Win Rate,"Win at least 70% of your matches, from a minimum of 35 completed matches.",Match Wins,MATCH_COMPLETED -> quest_match_summaries.won,win_rate,70,min_matches=35,COUNT(filtered summaries) >= 35 AND wins*100/COUNT >= 70 (percent). Filters: none (all PLAY/PLAYIPL/PLAYINT summaries in the period). Evaluate once per period from stored rows only.,200,0,200
M058,Monthly,Hard,Grand Slam Pitches,"Win matches on all 8 pitch types (GREEN, DRY, DUSTY, FLAT, HARD, EVEN, BOUNCY, SLOW).",Pitch,MATCH_COMPLETED -> quest_match_summaries.pitch,distinct_pitch_wins,8,none,COUNT(DISTINCT MS.pitch among won summaries) >= 8. Filters: none (all PLAY/PLAYIPL/PLAYINT summaries in the period). Evaluate once per period from stored rows only.,200,0,200
M059,Monthly,Easy,League Regular,Complete 10 Play IPL matches.,Game Modes,MATCH_COMPLETED -> quest_match_summaries (MS),matches_played,10,mode=PLAYIPL,COUNT(filtered summaries) >= 10. Filters: match_type=PLAYIPL. Evaluate once per period from stored rows only.,100,500,0
M060,Monthly,Medium,IPL Champion,Win 12 Play IPL matches.,Game Modes,MATCH_COMPLETED -> quest_match_summaries.won,wins,12,mode=PLAYIPL,COUNT(filtered summaries with MS.won == true) >= 12. Filters: match_type=PLAYIPL. Evaluate once per period from stored rows only.,150,0,100
M061,Monthly,Medium,League Season,"Score 2,500 team runs across Play IPL matches.",Game Modes,MATCH_COMPLETED -> quest_match_summaries.batting_runs,team_runs,2500,mode=PLAYIPL,SUM(MS.batting_runs) over filtered summaries >= 2500 (and COUNT(summaries) >= min_matches if given). Filters: match_type=PLAYIPL. Evaluate once per period from stored rows only.,150,0,100
M062,Monthly,Hard,Triple Crown,"Win at least 8 matches in each of the 3 game modes (Play, Play IPL, Play International).",Game Modes,MATCH_COMPLETED -> quest_match_summaries.match_type,mode_wins_min,1,per_mode=8,"For each of PLAY, PLAYIPL, PLAYINT: COUNT(won summaries) >= 8. Filters: none (all PLAY/PLAYIPL/PLAYINT summaries in the period). Evaluate once per period from stored rows only.",200,0,200
M063,Monthly,Easy,Green Season,Win 4 matches on GREEN pitches.,Pitch,MATCH_COMPLETED -> quest_match_summaries.won,wins,4,pitch=green,COUNT(filtered summaries with MS.won == true) >= 4. Filters: pitch='green'. Evaluate once per period from stored rows only.,100,500,0
M064,Monthly,Easy,Flat Season,"Score 1,000 team runs on FLAT pitches.",Pitch,MATCH_COMPLETED -> quest_match_summaries.batting_runs,team_runs,1000,pitch=flat,SUM(MS.batting_runs) over filtered summaries >= 1000 (and COUNT(summaries) >= min_matches if given). Filters: pitch='flat'. Evaluate once per period from stored rows only.,100,500,0
M065,Monthly,Medium,Dry Season,Win 8 matches on DRY pitches.,Pitch,MATCH_COMPLETED -> quest_match_summaries.won,wins,8,pitch=dry,COUNT(filtered summaries with MS.won == true) >= 8. Filters: pitch='dry'. Evaluate once per period from stored rows only.,150,0,100
M066,Monthly,Medium,Dusty Season,Take 40 wickets on DUSTY pitches.,Pitch,MATCH_COMPLETED -> quest_match_summaries.bowling_wickets,team_wickets,40,pitch=dusty,SUM(MS.bowling_wickets) over filtered summaries >= 40. Filters: pitch='dusty'. Evaluate once per period from stored rows only.,150,0,100
M067,Monthly,Medium,Even Season,Win 8 matches on EVEN pitches.,Pitch,MATCH_COMPLETED -> quest_match_summaries.won,wins,8,pitch=even,COUNT(filtered summaries with MS.won == true) >= 8. Filters: pitch='even'. Evaluate once per period from stored rows only.,150,0,100
M068,Monthly,Medium,Bouncy Season,Hit 40 sixes on BOUNCY pitches.,Pitch,MATCH_COMPLETED -> quest_match_summaries.batting[].sixes,team_sixes,40,pitch=bouncy,SUM(b.sixes) over filtered summaries >= 40. Filters: pitch='bouncy'. Evaluate once per period from stored rows only.,150,0,100
M069,Monthly,Medium,Slow Season,Have one batter accumulate 600 runs on SLOW pitches.,Pitch,MATCH_COMPLETED -> quest_match_summaries.batting[].runs,player_runs_total,600,pitch=slow,MAX over player_id of SUM(b.runs) across filtered summaries >= 600 (same player must accumulate). Filters: pitch='slow'. Evaluate once per period from stored rows only.,150,0,100
M070,Monthly,Hard,Green Seam Dynasty,Have one bowler take 25 wickets on GREEN pitches.,Pitch,MATCH_COMPLETED -> quest_match_summaries.bowling[].wickets,bowler_wickets_total,25,pitch=green,MAX over bowler player_id of SUM(bw.wickets) across filtered summaries >= 25. Filters: pitch='green'. Evaluate once per period from stored rows only.,200,0,200
M071,Monthly,Hard,Dust Chase Kings,Win 8 matches while chasing on DUSTY pitches.,Pitch,MATCH_COMPLETED -> quest_match_summaries.won,wins,8,pitch=dusty; side=chasing,"COUNT(filtered summaries with MS.won == true) >= 8. Filters: pitch='dusty', chasing=true. Evaluate once per period from stored rows only.",200,0,200
M072,Monthly,Hard,Bounce Bastions,Win 8 matches while defending a total on BOUNCY pitches.,Pitch,MATCH_COMPLETED -> quest_match_summaries.won,wins,8,pitch=bouncy; side=defending,"COUNT(filtered summaries with MS.won == true) >= 8. Filters: pitch='bouncy', defending=true. Evaluate once per period from stored rows only.",200,0,200
M073,Monthly,Hard,Slow Lockdown Season,Win 5 matches on SLOW pitches in which your bowlers concede 120 runs or fewer.,Pitch,MATCH_COMPLETED -> quest_match_summaries.bowling[].runs,wins_low_conceded,5,pitch=slow; max_conceded=120,COUNT(filtered summaries with won AND SUM(bw.runs) <= 120) >= 5. Filters: pitch='slow'. Evaluate once per period from stored rows only.,200,0,200
M074,Monthly,Medium,All-Rounder Season,"Have a player score 25 or more runs and take 2 or more wickets in the same match, 6 times this month.",All-Round,MATCH_COMPLETED -> quest_match_summaries.batting[]+bowling[],allround_match,6,runs=25; w=2,COUNT(summaries where some player_id has batting 25 >= 25 AND bowling wickets >= 2 in the same summary) >= 6. Filters: none (all PLAY/PLAYIPL/PLAYINT summaries in the period). Evaluate once per period from stored rows only.,150,0,100
M075,Monthly,Medium,Complete Wins Season,Win 10 matches in which one batter scores 50 or more and one bowler takes 3 or more wickets.,All-Round,MATCH_COMPLETED -> quest_match_summaries.batting[]+bowling[],complete_win,10,none,COUNT(won summaries with a batter >= 50 runs AND a bowler >= 3 wickets) >= 10. Filters: none (all PLAY/PLAYIPL/PLAYINT summaries in the period). Evaluate once per period from stored rows only.,150,0,100
M076,Monthly,Hard,Twin Fifty Season,"In 8 different matches, have 2 batters each score 50 or more.",All-Round,MATCH_COMPLETED -> quest_match_summaries.batting[].runs,multi_fifty_match,8,n=2,COUNT(filtered summaries where COUNT(b with b.runs >= 50) >= 2) >= 8. Filters: none (all PLAY/PLAYIPL/PLAYINT summaries in the period). Evaluate once per period from stored rows only.,200,0,200
M077,Monthly,Hard,Elite All-Rounders,"Have a player score 40 or more runs and take 3 or more wickets in the same match, 5 times this month.",All-Round,MATCH_COMPLETED -> quest_match_summaries.batting[]+bowling[],allround_match,5,runs=40; w=3,COUNT(summaries where some player_id has batting 40 >= 40 AND bowling wickets >= 3 in the same summary) >= 5. Filters: none (all PLAY/PLAYIPL/PLAYINT summaries in the period). Evaluate once per period from stored rows only.,200,0,200
M078,Monthly,Easy,Roster Builder,Purchase 10 players of 65 OVR or higher.,Progression/Players,PLAYER_PURCHASE (quest_events),purchase_ovr_count,10,ovr_min=65,COUNT(PLAYER_PURCHASE events with metadata.ovr >= 65) >= 10. Filters: none (all PLAY/PLAYIPL/PLAYINT summaries in the period). Evaluate once per period from stored rows only.,100,500,0
M079,Monthly,Medium,Quality Signings,Purchase 8 players of 70 OVR or higher.,Progression/Players,PLAYER_PURCHASE (quest_events),purchase_ovr_count,8,ovr_min=70,COUNT(PLAYER_PURCHASE events with metadata.ovr >= 70) >= 8. Filters: none (all PLAY/PLAYIPL/PLAYINT summaries in the period). Evaluate once per period from stored rows only.,150,0,100
M080,Monthly,Medium,Rare Roster,Purchase 3 players of 75 OVR or higher.,Progression/Players,PLAYER_PURCHASE (quest_events),purchase_ovr_count,3,ovr_min=75,COUNT(PLAYER_PURCHASE events with metadata.ovr >= 75) >= 3. Filters: none (all PLAY/PLAYIPL/PLAYINT summaries in the period). Evaluate once per period from stored rows only.,150,0,100
M081,Monthly,Hard,Epic Signing,Purchase 1 player of 85 OVR or higher.,Progression/Players,PLAYER_PURCHASE (quest_events),purchase_ovr_count,1,ovr_min=85,COUNT(PLAYER_PURCHASE events with metadata.ovr >= 85) >= 1. Filters: none (all PLAY/PLAYIPL/PLAYINT summaries in the period). Evaluate once per period from stored rows only.,200,0,200
M082,Monthly,Easy,Shop Regular,"Spend 150,000 Coins in the Player Shop.",Economy,COIN_SPENT (quest_events),shop_coins_spent,150000,none,SUM(value_int of COIN_SPENT events with metadata.source == 'player_shop') >= 150000 (exit penalties excluded). Filters: none (all PLAY/PLAYIPL/PLAYINT summaries in the period). Evaluate once per period from stored rows only.,100,500,0
M083,Monthly,Medium,Special Signings,Purchase 3 special players.,Progression/Players,PLAYER_PURCHASE (quest_events),purchase_special_count,3,none,COUNT(PLAYER_PURCHASE events with metadata.is_special == true) >= 3. Filters: none (all PLAY/PLAYIPL/PLAYINT summaries in the period). Evaluate once per period from stored rows only.,150,0,100
M084,Monthly,Hard,Coin Tycoon,"Spend 2,000,000 Coins in the Player Shop.",Economy,COIN_SPENT (quest_events),shop_coins_spent,2000000,none,SUM(value_int of COIN_SPENT events with metadata.source == 'player_shop') >= 2000000 (exit penalties excluded). Filters: none (all PLAY/PLAYIPL/PLAYINT summaries in the period). Evaluate once per period from stored rows only.,200,0,200
M085,Monthly,Easy,Gear Collector,Equip 8 upgrades on your players.,Progression/Upgrades,UPGRADE_APPLIED (quest_events),upgrades_equipped,8,none,COUNT(UPGRADE_APPLIED events) >= 8. Filters: none (all PLAY/PLAYIPL/PLAYINT summaries in the period). Evaluate once per period from stored rows only.,100,500,0
M086,Monthly,Medium,Upgrade Variety,Equip 6 different upgrade types.,Progression/Upgrades,UPGRADE_APPLIED (quest_events),distinct_upgrades_equipped,6,none,COUNT(DISTINCT metadata.upgrade_key among UPGRADE_APPLIED events) >= 6. Filters: none (all PLAY/PLAYIPL/PLAYINT summaries in the period). Evaluate once per period from stored rows only.,150,0,100
M087,Monthly,Medium,Tier Masters,Level up owned upgrades 6 times.,Progression/Upgrades,RUBY_SPENT (quest_events),upgrade_levelups,6,none,COUNT(RUBY_SPENT events with metadata.source == 'upgrade_levelup') >= 6. Filters: none (all PLAY/PLAYIPL/PLAYINT summaries in the period). Evaluate once per period from stored rows only.,150,0,100
M088,Monthly,Medium,Ruby Budget,"Spend 5,000 Rubies on upgrades (purchases and level-ups).",Economy,RUBY_SPENT (quest_events),upgrade_rubies_spent,5000,none,"SUM(value_int of RUBY_SPENT events with metadata.source IN ('upgrade_purchase','upgrade_levelup')) >= 5000 (coin_exchange excluded). Filters: none (all PLAY/PLAYIPL/PLAYINT summaries in the period). Evaluate once per period from stored rows only.",150,0,100
M089,Monthly,Hard,Fully Geared,Equip upgrades on 9 different players.,Progression/Upgrades,UPGRADE_APPLIED (quest_events),distinct_players_upgraded,9,none,COUNT(DISTINCT metadata.player_id among UPGRADE_APPLIED events) >= 9. Filters: none (all PLAY/PLAYIPL/PLAYINT summaries in the period). Evaluate once per period from stored rows only.,200,0,200
M090,Monthly,Easy,Claim Month,Successfully claim 30 players.,Progression/Claims,CLAIM_SUCCESS (quest_events),claim_count,30,none,COUNT(CLAIM_SUCCESS events) >= 30. Filters: none (all PLAY/PLAYIPL/PLAYINT summaries in the period). Evaluate once per period from stored rows only.,100,500,0
M091,Monthly,Medium,Claim Rhythm,Successfully claim a player on 15 different days.,Progression/Claims,CLAIM_SUCCESS (quest_events),claim_days,15,none,COUNT(DISTINCT metadata.event_date among CLAIM_SUCCESS events) >= 15. Filters: none (all PLAY/PLAYIPL/PLAYINT summaries in the period). Evaluate once per period from stored rows only.,150,0,100
M092,Monthly,Medium,Reward Streak,Collect your daily reward on 14 consecutive days.,Progression/Rewards,DAILY_REWARD_CLAIM (quest_events),daily_reward_streak,14,none,Longest run of consecutive calendar dates (metadata.event_date) with a DAILY_REWARD_CLAIM event >= 14. Filters: none (all PLAY/PLAYIPL/PLAYINT summaries in the period). Evaluate once per period from stored rows only.,150,0,100
M093,Monthly,Medium,Pack Pipeline,Open 8 packs.,Progression/Packs,PACK_OPENED (quest_events),packs_opened,8,none,COUNT(PACK_OPENED events (metadata.pack_key == pack_key if given)) >= 8. Filters: none (all PLAY/PLAYIPL/PLAYINT summaries in the period). Evaluate once per period from stored rows only.,150,0,100
M094,Monthly,Hard,Platinum Pull,Open a Platinum Pack.,Progression/Packs,PACK_OPENED (quest_events),packs_opened,1,pack_key=platinum,COUNT(PACK_OPENED events (metadata.pack_key == pack_key if given)) >= 1. Filters: none (all PLAY/PLAYIPL/PLAYINT summaries in the period). Evaluate once per period from stored rows only.,200,0,200
M095,Monthly,Medium,League Compliance Season,"Confirm a Playing XI that contains exactly 4 overseas players, 6 times.",Playing XI,OVERSEAS_XI_CONFIRMED (quest_events),overseas_xi,6,overseas_count=4,COUNT(OVERSEAS_XI_CONFIRMED events with metadata.4 == 4) >= 6. Filters: none (all PLAY/PLAYIPL/PLAYINT summaries in the period). Evaluate once per period from stored rows only.,150,0,100
M096,Monthly,Easy,Quest Starter,Complete 20 Daily Quests this month.,Quest Meta,quest_completions,daily_quests_done,20,none,"COUNT(quest_completions rows, period_type=daily, completed in the current period) >= 20 (the task itself is excluded). Filters: none (all PLAY/PLAYIPL/PLAYINT summaries in the period). Evaluate once per period from stored rows only.",100,500,0
M097,Monthly,Easy,Streak Starter,Complete at least one Daily Quest on 5 consecutive days.,Quest Meta,quest_completions,daily_quest_streak,5,none,Longest run of consecutive dates with >= 1 daily quest completion >= 5. Filters: none (all PLAY/PLAYIPL/PLAYINT summaries in the period). Evaluate once per period from stored rows only.,100,500,0
M098,Monthly,Medium,Weekly Sweep,Complete 12 Weekly Quests this month.,Quest Meta,quest_completions,weekly_quests_done,12,none,"COUNT(quest_completions rows, period_type=weekly, in the current month) >= 12 (the task itself is excluded). Filters: none (all PLAY/PLAYIPL/PLAYINT summaries in the period). Evaluate once per period from stored rows only.",150,0,100
M099,Monthly,Hard,Quest Perfectionist,Complete all 5 assigned Daily Quests on 15 different days.,Quest Meta,quest_completions,daily_full_clear_days,15,none,COUNT(dates on which all 5 assigned daily quests were completed) >= 15. Filters: none (all PLAY/PLAYIPL/PLAYINT summaries in the period). Evaluate once per period from stored rows only.,200,0,200
M100,Monthly,Hard,Streak Keeper,Complete at least one Daily Quest on 21 consecutive days.,Quest Meta,quest_completions,daily_quest_streak,21,none,Longest run of consecutive dates with >= 1 daily quest completion >= 21. Filters: none (all PLAY/PLAYIPL/PLAYINT summaries in the period). Evaluate once per period from stored rows only.,200,0,200
